ID_Empleado,Nombre,Apellido,Genero,Fecha_Nacimiento,Fecha_Alta,Estado,ID_Puesto,ID_Tienda,Tipo_Contrato,Jornada,Salario_Base
1,Modesta,Doménech,M,1992-03-05,2021-04-05,Activo,7,1,Temporal,Completa,22709
2,Vicente,Valenzuela,F,1966-07-05,2024-06-12,Activo,2,3,Indefinido,Completa,23133
3,Javiera,Carbó,M,1968-06-02,2018-10-31,Activo,8,4,Temporal,Parcial,19979
4,Melchor,Perera,M,1971-05-30,2021-06-18,Activo,1,4,Temporal,Completa,27763
5,Albert,Francisco,F,1969-06-25,2020-08-24,Activo,2,5,Indefinido,Completa,21586
6,Sonia,Pi,O,1996-02-13,2021-09-01,Activo,2,1,Indefinido,Parcial,29953
7,Calisto,Cuéllar,F,1989-05-18,2024-09-14,Activo,1,1,Indefinido,Completa,25884
8,María Pilar,Mancebo,O,1997-12-21,2019-12-07,Activo,5,4,Indefinido,Completa,30542
9,Jose Miguel,Pla,O,1978-05-08,2023-10-11,Activo,6,5,Indefinido,Completa,28708
10,Candelaria,Villaverde,O,1994-08-23,2024-09-22,Activo,1,1,Temporal,Completa,30067
11,Sabina,Muñoz,F,1983-08-30,2021-07-16,Activo,6,3,Indefinido,Completa,27109
12,Maricruz,Valbuena,M,2006-03-14,2023-08-02,Activo,8,5,Temporal,Completa,27402
13,Adelaida,Folch,M,2001-01-03,2019-07-06,Activo,4,3,Indefinido,Completa,28176
14,Carmelo,Sacristán,M,1995-01-31,2023-10-16,Activo,2,3,Indefinido,Completa,30854
15,Primitiva,Lumbreras,O,1968-01-28,2024-02-07,Activo,7,5,Indefinido,Completa,18245
16,Tamara,Jaén,F,1990-01-23,2024-08-21,Activo,4,5,Indefinido,Completa,25353
17,Aurelia,Seco,F,1978-04-17,2024-12-09,Activo,7,2,Temporal,Completa,30559
18,Simón,Moreno,F,1981-05-21,2021-02-21,Activo,4,3,Indefinido,Completa,30300
19,Alberto,Arévalo,O,1993-05-28,2020-09-27,Activo,7,4,Indefinido,Completa,18734
20,Sergio,Castillo,O,1988-04-24,2024-02-11,Activo,8,5,Indefinido,Completa,24033
21,Heliodoro,Cañete,F,1970-07-26,2021-08-18,Activo,7,1,Indefinido,Completa,28774
22,Fausto,Cases,F,1967-04-04,2024-06-19,Activo,6,1,Indefinido,Completa,20993
23,Eugenio,Galan,F,1995-06-27,2023-09-09,Activo,7,5,Indefinido,Completa,25509
24,Zaira,Andres,F,1996-06-12,2022-08-13,Activo,8,1,Indefinido,Completa,19314
25,Custodia,Romero,M,1997-09-03,2018-10-11,Activo,7,3,Temporal,Completa,26436
26,Yaiza,Baquero,O,1979-09-10,2023-10-31,Activo,2,4,Indefinido,Completa,21063
27,Inés,Lozano,O,1997-01-26,2022-02-25,Activo,1,4,Indefinido,Completa,21337
28,Eva,Iñiguez,M,1976-12-29,2019-01-12,Activo,8,4,Temporal,Completa,27355
29,Saturnina,Pol,O,1990-09-27,2025-01-05,Activo,7,4,Indefinido,Completa,28071
30,Brunilda,Polo,M,1968-11-09,2024-10-16,Activo,3,1,Indefinido,Completa,29271
31,Estrella,Pedrero,M,1986-11-12,2024-10-22,Activo,2,2,Indefinido,Completa,23464
32,Alexandra,Toledo,O,1966-09-24,2023-12-27,Activo,7,2,Indefinido,Completa,21490
33,Carmelita,Jordá,O,2007-03-16,2019-05-24,Activo,3,4,Temporal,Completa,19781
34,Leonardo,Amigó,M,1986-05-01,2020-11-13,Activo,7,2,Indefinido,Completa,20798
35,Rosario,Martín,M,1983-12-29,2021-08-02,Activo,5,4,Temporal,Completa,31099
36,Ascensión,Ropero,F,1991-06-11,2020-11-28,Activo,7,5,Prácticas,Completa,26874
37,Rosa,Morillo,O,1984-01-18,2024-12-03,Activo,3,3,Temporal,Completa,27989
38,María Jesús,Oliver,O,1985-10-31,2021-11-29,Activo,1,4,Indefinido,Parcial,22621
39,Bartolomé,Bello,M,1990-01-07,2023-09-01,Activo,6,3,Temporal,Parcial,18875
40,Lucía,Baquero,M,1971-09-07,2021-08-28,Activo,2,3,Temporal,Completa,28573
41,Mercedes,Barrera,F,1976-01-25,2021-06-14,Activo,6,5,Indefinido,Parcial,22133
42,Esmeralda,Colomer,O,1996-06-03,2022-03-16,Activo,8,3,Temporal,Completa,25634
43,Belén,Escribano,O,1997-08-21,2023-09-02,Activo,1,1,Temporal,Completa,28610
44,Ezequiel,Badía,M,1971-03-28,2019-06-17,Activo,6,1,Indefinido,Completa,25055
45,Esteban,Mora,M,1990-05-19,2024-10-17,Activo,2,4,Indefinido,Parcial,28202
46,Sarita,Ayllón,M,2005-11-24,2024-11-10,Activo,1,3,Indefinido,Parcial,29517
47,Dulce,Mercader,O,1970-08-10,2019-05-06,Activo,4,4,Indefinido,Completa,24596
48,Noemí,Palomares,M,1991-06-14,2022-05-28,Activo,8,4,Temporal,Completa,31848
49,Severino,Duque,M,1975-12-07,2020-07-25,Activo,5,3,Indefinido,Completa,26080
50,Hermenegildo,Núñez,M,1991-03-16,2021-02-26,Activo,8,4,Temporal,Completa,28133
51,Tadeo,Piquer,F,1992-05-31,2021-10-27,Activo,2,3,Temporal,Parcial,30681
52,Leopoldo,Gomez,F,1981-12-29,2020-02-03,Activo,4,5,Temporal,Completa,25924
53,Narcisa,Ballester,O,1977-02-18,2020-02-13,Activo,1,4,Indefinido,Parcial,22009
54,Bienvenida,Codina,O,2003-11-08,2019-06-28,Activo,1,5,Indefinido,Completa,22099
55,Adelina,Múñiz,F,1978-06-06,2021-08-24,Activo,7,3,Prácticas,Completa,31988
56,Gervasio,Oliva,F,1966-06-25,2019-09-21,Activo,7,3,Indefinido,Parcial,25766
57,Zaira,Castañeda,M,1972-05-15,2024-10-04,Activo,7,4,Indefinido,Completa,18931
58,Vicenta,Águila,O,1987-06-26,2023-08-23,Activo,6,5,Temporal,Completa,27078
59,Ale,Campillo,M,1975-09-20,2023-02-02,Activo,8,3,Indefinido,Completa,28487
60,Matías,Baena,M,1978-10-15,2024-05-24,Activo,4,2,Temporal,Parcial,28529
61,Roberta,Feliu,F,2006-10-11,2020-12-04,Activo,3,5,Indefinido,Completa,22184
62,Fabiana,Fernández,F,1984-09-27,2023-10-15,Activo,4,3,Indefinido,Completa,30976
63,Moisés,Castellanos,F,1980-11-05,2021-08-08,Activo,3,3,Indefinido,Parcial,31610
64,Heriberto,Padilla,M,1994-11-19,2023-04-13,Activo,3,4,Temporal,Completa,31555
65,Germán,Arco,M,1971-11-23,2020-09-28,Activo,7,3,Indefinido,Completa,29583
66,Graciano,Rosell,O,1992-04-22,2025-01-19,Activo,3,3,Indefinido,Completa,18207
67,Tatiana,Salas,O,1970-07-05,2024-02-14,Activo,3,1,Temporal,Completa,26818
68,Inmaculada,Cortés,M,1970-12-31,2022-11-16,Activo,7,5,Indefinido,Completa,21391
69,Fermín,Ramón,M,1995-11-29,2021-12-14,Activo,3,4,Indefinido,Completa,25510
70,Hector,Ángel,O,1983-07-12,2022-11-02,Activo,1,1,Indefinido,Completa,30114
71,Griselda,Tirado,M,2001-02-27,2021-04-03,Activo,5,1,Indefinido,Completa,31767
72,Román,Castejón,F,2000-02-25,2021-01-12,Activo,3,1,Temporal,Completa,28523
73,Inmaculada,Cervera,F,1979-05-13,2019-06-01,Activo,2,3,Indefinido,Completa,26292
74,Francisco Jose,Dueñas,F,1968-12-16,2021-10-22,Activo,2,2,Indefinido,Completa,24507
75,Carmelita,Cornejo,M,1982-09-30,2022-07-12,Activo,3,5,Indefinido,Parcial,25350
76,Nidia,Llamas,O,1970-01-07,2019-06-23,Activo,1,5,Temporal,Completa,23677
77,Maite,Beltran,F,1965-10-24,2021-05-12,Activo,5,3,Prácticas,Completa,20666
78,Leandro,Camacho,O,1973-07-05,2020-09-06,Activo,6,1,Temporal,Parcial,20809
79,Américo,Iborra,F,1980-05-16,2021-03-28,Activo,3,4,Temporal,Completa,25895
80,Goyo,Ferrándiz,F,1975-06-10,2024-08-13,Activo,4,3,Indefinido,Completa,31835
81,Eligia,Pou,O,1989-02-19,2023-10-24,Activo,2,5,Indefinido,Completa,21495
82,Adora,Polo,O,1978-11-09,2024-02-27,Activo,6,4,Temporal,Completa,31734
83,Constanza,Juárez,M,1977-06-28,2023-01-30,Activo,1,5,Indefinido,Completa,20558
84,Ceferino,Medina,M,1988-09-21,2022-09-03,Activo,3,3,Indefinido,Completa,23316
85,Ramona,Leiva,M,1997-09-29,2022-03-20,Activo,1,3,Indefinido,Parcial,31545
86,Leonor,Carreño,O,1984-10-28,2025-01-12,Activo,5,2,Indefinido,Parcial,23688
87,Edmundo,Ferrándiz,F,1991-12-16,2024-01-11,Activo,8,2,Temporal,Completa,29812
88,Nerea,Querol,O,1973-06-25,2021-10-10,Activo,5,3,Indefinido,Completa,19459
89,Maxi,Leon,M,1975-07-10,2024-04-20,Activo,2,5,Indefinido,Completa,18550
90,Amor,Riba,O,1990-08-31,2020-09-04,Activo,6,1,Indefinido,Completa,25468
91,Berta,Campos,M,1970-03-09,2021-06-04,Activo,8,3,Indefinido,Completa,19331
92,Germán,Dominguez,M,1990-11-22,2018-10-19,Activo,8,2,Temporal,Completa,25219
93,Severiano,Bilbao,F,1972-12-03,2023-11-16,Activo,4,3,Indefinido,Completa,22541
94,María,Águila,F,2004-05-22,2020-03-14,Activo,3,4,Temporal,Completa,22786
95,Manolo,Marquez,M,1980-01-29,2024-09-06,Activo,8,1,Temporal,Completa,19321
96,Cristina,Huerta,O,1987-05-06,2021-10-22,Activo,3,3,Indefinido,Parcial,22471
97,Sandra,Roldan,M,1966-09-19,2023-05-13,Activo,3,1,Indefinido,Completa,28090
98,Nilda,Carnero,F,1969-06-26,2023-07-24,Activo,6,3,Indefinido,Completa,25968
99,Rosendo,Cifuentes,O,1994-06-07,2019-04-25,Activo,8,1,Temporal,Completa,21669
100,Cristina,Pallarès,O,1968-02-18,2020-06-01,Activo,7,4,Indefinido,Completa,30871
101,Urbano,Martínez,M,2005-07-28,2020-11-08,Activo,8,3,Indefinido,Completa,29129
102,Dora,Valderrama,O,2002-12-02,2022-10-10,Activo,7,5,Indefinido,Completa,27335
103,Vilma,Toro,F,1977-04-30,2022-12-20,Activo,5,1,Prácticas,Completa,29651
104,Ariadna,Ramirez,O,1990-07-31,2024-03-31,Activo,6,3,Indefinido,Parcial,26351
105,Odalis,Jara,M,1968-12-25,2022-12-16,Activo,2,4,Temporal,Completa,21388
106,Blas,Vázquez,O,1994-09-01,2020-03-03,Activo,1,2,Indefinido,Completa,30519
107,Florina,Pi,O,1979-05-01,2020-02-23,Activo,4,3,Indefinido,Completa,31911
108,Isaura,Gonzalez,F,1994-07-05,2022-11-20,Activo,5,2,Indefinido,Completa,29112
109,Ernesto,Llorens,O,1976-09-07,2020-08-03,Activo,8,3,Temporal,Completa,29901
110,Bibiana,Berenguer,M,1993-02-17,2018-10-05,Activo,7,4,Indefinido,Parcial,26155
111,Cleto,Calzada,M,1990-09-04,2019-12-18,Activo,4,3,Temporal,Parcial,21990
112,Luis,Perea,O,1971-02-07,2022-06-06,Activo,4,3,Temporal,Completa,21648
113,Encarnacion,Barreda,F,1974-07-20,2022-12-24,Activo,5,2,Indefinido,Completa,26802
114,Vidal,Palomar,F,1990-02-04,2021-09-29,Activo,2,5,Temporal,Completa,28748
115,Victor,Garrido,M,1981-03-13,2020-09-21,Activo,4,1,Indefinido,Completa,31602
116,Rómulo,Fortuny,O,1974-08-27,2023-05-14,Activo,3,5,Indefinido,Completa,19082
117,Yésica,Abascal,O,1975-10-06,2018-12-14,Activo,7,2,Temporal,Completa,27384
118,Mamen,Castelló,M,1977-08-21,2025-01-28,Activo,1,3,Indefinido,Completa,22435
119,Ricardo,García,M,1966-08-11,2019-02-25,Activo,3,3,Temporal,Completa,23640
120,Tomasa,Naranjo,O,1984-09-13,2023-06-19,Activo,4,5,Prácticas,Completa,19061
121,Lope,Marin,F,1975-08-01,2021-11-17,Activo,4,5,Temporal,Completa,23622
122,Andrés,Catalá,M,1967-04-27,2018-08-23,Activo,8,5,Temporal,Completa,24157
123,Nando,Linares,M,1971-10-12,2018-11-12,Activo,2,4,Temporal,Completa,19570
124,Heliodoro,Roura,F,1992-08-08,2021-09-21,Activo,2,2,Temporal,Completa,24006
125,Sonia,Echeverría,F,1998-09-13,2020-05-12,Activo,6,5,Temporal,Completa,31599
126,Jordana,Cases,F,2003-11-26,2024-09-19,Activo,2,5,Temporal,Completa,24586
127,Jesusa,Armas,O,1966-12-20,2023-01-27,Activo,8,4,Indefinido,Parcial,26008
128,Alfonso,Lara,O,1981-10-15,2023-09-19,Activo,6,1,Indefinido,Completa,21213
129,Herberto,Romeu,M,1972-12-09,2020-03-26,Activo,5,2,Temporal,Completa,20058
130,Águeda,Albero,F,1988-06-22,2021-01-23,Activo,2,3,Indefinido,Completa,26316
131,Edgardo,Alonso,O,1978-02-01,2020-10-16,Activo,6,5,Indefinido,Completa,23547
132,Félix,Oller,M,1965-09-20,2019-02-08,Activo,7,5,Prácticas,Completa,23429
133,Loreto,Barranco,F,2006-01-30,2024-12-31,Activo,2,4,Temporal,Completa,24516
134,Pastora,Benito,F,1969-07-13,2019-04-10,Activo,1,4,Indefinido,Completa,26501
135,Angelita,Trujillo,M,1979-07-31,2020-07-06,Activo,6,1,Indefinido,Completa,30038
136,Jenaro,Duran,O,1977-03-23,2022-11-20,Activo,4,2,Indefinido,Completa,24896
137,César,Guzman,F,2006-09-17,2024-08-24,Activo,6,1,Indefinido,Completa,21489
138,Cleto,Jordá,M,2003-07-10,2021-08-12,Activo,2,3,Indefinido,Completa,28310
139,Guillermo,Cuéllar,M,1979-05-30,2022-05-19,Activo,2,5,Indefinido,Parcial,25315
140,José Ángel,Ibañez,O,1967-03-09,2021-11-18,Activo,8,2,Temporal,Completa,20449
141,Cristina,Iñiguez,M,1971-02-10,2019-07-08,Activo,2,3,Indefinido,Completa,23412
142,Antonio,Yáñez,F,1991-06-24,2019-01-10,Activo,7,5,Indefinido,Completa,22830
143,Rosendo,Lorenzo,O,2001-01-18,2019-06-16,Activo,8,2,Indefinido,Completa,22315
144,María Jesús,Botella,F,1978-04-25,2022-07-10,Activo,3,2,Indefinido,Completa,22176
145,Florentina,Giralt,F,1983-09-09,2020-11-07,Activo,5,2,Temporal,Completa,31265
146,Celestino,Nadal,F,2002-09-19,2024-06-05,Activo,1,5,Indefinido,Completa,25658
147,Amancio,Pinto,F,1999-05-08,2021-03-27,Activo,6,5,Temporal,Completa,30580
148,Cándida,Carrión,M,1982-04-01,2023-04-24,Activo,2,4,Indefinido,Completa,28185
149,Loreto,Sáez,O,1967-04-10,2023-02-03,Activo,6,2,Temporal,Parcial,20488
150,Marianela,Piquer,O,1983-03-31,2020-11-06,Activo,6,3,Indefinido,Completa,30671
151,Lupita,Casado,F,1981-10-03,2020-05-19,Activo,3,2,Indefinido,Completa,22047
152,Jonatan,Iborra,M,1974-09-18,2022-07-26,Activo,6,5,Indefinido,Completa,21575
153,Dalila,Suárez,F,2005-03-19,2022-07-10,Activo,8,2,Temporal,Completa,22364
154,Vinicio,Moreno,O,1989-11-01,2022-08-08,Activo,7,2,Indefinido,Completa,31391
155,Néstor,Ferrándiz,M,1999-04-08,2021-07-29,Activo,4,4,Temporal,Completa,20909
156,Isaías,Alcaraz,O,1965-07-16,2020-10-03,Activo,5,5,Indefinido,Completa,20964
157,Natalio,Palomar,M,1996-01-09,2023-03-24,Activo,1,3,Indefinido,Completa,20366
158,Ángel,Salmerón,O,1968-07-12,2021-01-12,Activo,8,4,Prácticas,Completa,25538
159,Griselda,Mariscal,O,1967-10-04,2021-03-20,Activo,3,2,Indefinido,Completa,21189
160,Aroa,Torrens,M,1987-09-18,2024-09-26,Activo,3,5,Indefinido,Parcial,21973
161,Horacio,Castejón,O,1978-12-31,2024-11-15,Activo,8,1,Indefinido,Completa,31771
162,Sancho,Fábregas,M,2001-10-30,2024-08-16,Activo,1,4,Temporal,Completa,30881
163,Cintia,Heredia,M,1970-11-09,2018-12-14,Activo,7,3,Temporal,Completa,26380
164,Belén,Vergara,O,1976-02-14,2023-08-04,Activo,8,4,Temporal,Completa,23682
165,Sandalio,Andrade,F,1986-09-20,2020-03-01,Activo,4,5,Prácticas,Completa,21686
166,Flavia,Arenas,F,1983-10-13,2019-04-20,Activo,6,2,Indefinido,Parcial,24095
167,Valeria,Comas,M,2002-08-25,2024-08-18,Activo,6,1,Temporal,Completa,21870
168,Desiderio,Aguado,F,1977-09-10,2019-06-15,Activo,6,1,Indefinido,Completa,22200
169,Inmaculada,Acosta,F,1988-01-09,2019-08-28,Activo,7,5,Indefinido,Completa,22708
170,Hugo,Losada,F,1969-12-03,2024-11-14,Activo,2,4,Indefinido,Completa,27286
171,Guadalupe,Carreras,O,1965-10-22,2023-12-18,Activo,7,4,Indefinido,Completa,21265
172,Alejandra,Ferrando,O,1973-06-10,2024-07-16,Activo,3,5,Prácticas,Parcial,31591
173,Emilia,Parra,O,2000-03-28,2021-08-06,Activo,2,1,Temporal,Completa,20529
174,Dafne,Benavent,O,1988-04-10,2022-07-19,Activo,6,5,Indefinido,Parcial,25391
175,Mario,Viña,M,1968-10-19,2022-07-15,Activo,6,4,Indefinido,Completa,27519
176,Duilio,Arcos,F,1979-11-18,2025-05-09,Activo,7,5,Indefinido,Completa,19124
177,Feliciano,Gárate,O,1990-01-09,2021-09-22,Activo,5,3,Temporal,Completa,18658
178,María Dolores,Cañete,O,1972-09-10,2019-06-01,Activo,8,1,Temporal,Completa,28610
179,Leire,Benavent,M,1974-02-13,2023-02-09,Activo,2,3,Indefinido,Parcial,18628
180,Violeta,Arenas,O,2006-10-27,2025-01-04,Activo,7,1,Temporal,Completa,22674
181,Maura,Benítez,F,1965-09-04,2024-04-03,Activo,5,4,Indefinido,Completa,26341
182,Gala,Larrea,O,1967-09-20,2023-07-27,Activo,5,1,Indefinido,Completa,27321
183,Bernabé,Guillén,F,1999-04-04,2021-12-20,Activo,7,5,Temporal,Completa,22729
184,Ariel,Acevedo,F,1975-12-01,2024-12-09,Activo,7,4,Temporal,Completa,21511
185,Marina,Cobos,O,2002-05-08,2021-09-24,Activo,1,4,Indefinido,Completa,27536
186,Gilberto,Clavero,O,1986-12-27,2019-09-18,Activo,6,1,Temporal,Completa,21241
187,Humberto,Sánchez,F,1997-08-21,2024-03-05,Activo,2,5,Temporal,Completa,31138
188,Fernanda,Barceló,O,1996-04-10,2023-04-16,Activo,2,5,Temporal,Completa,19614
189,Rodolfo,Melero,O,1968-08-15,2022-08-21,Activo,2,1,Indefinido,Completa,19865
190,Merche,Ávila,M,1973-05-07,2020-08-01,Activo,2,1,Indefinido,Completa,23368
191,Melchor,Ferrández,F,1981-10-06,2023-10-05,Activo,8,3,Indefinido,Completa,27176
192,Mar,Hernandez,O,2001-05-05,2021-02-04,Activo,2,2,Indefinido,Parcial,25635
193,Raquel,Perera,M,1985-09-10,2018-08-24,Activo,7,5,Indefinido,Completa,18188
194,Encarna,Lucena,F,1979-01-07,2018-10-02,Activo,5,3,Indefinido,Completa,20177
195,Eulalia,Goicoechea,O,1966-08-22,2022-04-23,Activo,1,5,Indefinido,Completa,26700
196,Jesús,Tejedor,M,1969-06-14,2023-07-02,Activo,8,3,Indefinido,Parcial,23532
197,Irene,Francisco,O,1984-05-02,2024-12-21,Activo,4,4,Indefinido,Completa,21085
198,Micaela,Lledó,O,1976-07-19,2024-06-05,Activo,1,1,Indefinido,Completa,27000
199,Gabino,Alcolea,M,1971-12-14,2023-12-21,Activo,8,5,Indefinido,Completa,24058
200,Armando,Garmendia,F,2002-08-29,2025-01-23,Activo,4,4,Temporal,Completa,19172
201,Cayetano,Gámez,O,2007-03-30,2019-05-14,Activo,1,4,Indefinido,Parcial,19096
202,Salomón,Barrena,F,1999-11-23,2022-09-03,Activo,5,5,Indefinido,Completa,21142
203,Melisa,Alcázar,F,1990-07-16,2020-01-13,Activo,5,5,Prácticas,Completa,25346
204,Mercedes,Perales,F,1984-10-30,2020-04-29,Activo,2,2,Indefinido,Parcial,18607
205,Maximiano,Amador,M,1976-11-23,2020-08-09,Activo,4,2,Indefinido,Completa,23897
206,Gilberto,Sarabia,F,1979-01-25,2020-01-10,Activo,6,2,Indefinido,Completa,25926
207,Luis,Aparicio,O,1996-09-16,2024-05-30,Activo,4,4,Temporal,Completa,29137
208,Rebeca,Gascón,M,1970-01-25,2025-02-06,Activo,8,5,Indefinido,Completa,18958
209,Luciana,Castell,O,1974-06-11,2022-12-27,Activo,3,4,Temporal,Completa,25315
210,Isaías,Franch,O,1980-09-10,2025-04-10,Activo,4,4,Indefinido,Completa,23772
211,Daniela,Sáenz,M,1974-12-21,2023-10-09,Activo,5,4,Indefinido,Completa,28458
212,Enrique,Montoya,F,1977-02-04,2024-12-26,Activo,4,3,Indefinido,Completa,31910
213,Casandra,Pineda,O,1993-03-31,2024-06-23,Activo,5,5,Indefinido,Completa,30624
214,Bernardita,Querol,M,1978-04-23,2020-12-16,Activo,8,4,Indefinido,Completa,28611
215,Almudena,Bauzà,M,2007-04-25,2024-05-05,Activo,6,2,Indefinido,Completa,28196
216,Maricruz,Villaverde,M,1993-08-21,2022-12-25,Activo,6,5,Indefinido,Completa,29253
217,Etelvina,Santos,M,1992-06-11,2024-06-23,Activo,2,2,Indefinido,Completa,26943
218,Teresa,Álvaro,M,1980-12-15,2023-10-04,Activo,3,1,Indefinido,Completa,27292
219,Diego,Diéguez,F,1983-09-07,2025-01-09,Activo,7,2,Indefinido,Completa,21012
220,Joaquina,Morcillo,F,1996-07-12,2021-09-30,Activo,4,3,Temporal,Parcial,26128
221,Poncio,Vicente,O,1987-11-26,2019-07-25,Activo,7,4,Indefinido,Completa,24687
222,Ruy,Bolaños,M,1989-04-25,2024-01-18,Activo,5,1,Indefinido,Parcial,26694
223,Jordana,Montes,F,1990-06-14,2023-01-21,Activo,3,2,Indefinido,Completa,19310
224,Leire,Bárcena,O,1985-10-18,2019-06-13,Activo,2,3,Indefinido,Parcial,28401
225,Olga,Sala,O,2004-04-29,2019-05-17,Activo,7,4,Indefinido,Completa,18337
226,Carmen,Arce,F,2000-09-04,2020-08-18,Activo,1,3,Indefinido,Parcial,19917
227,Abigaíl,Mármol,F,1994-07-02,2023-04-26,Activo,8,5,Indefinido,Completa,23303
228,Custodia,Sanabria,F,1995-10-13,2019-08-07,Activo,3,4,Indefinido,Completa,27363
229,Lupe,Navarro,F,1967-05-21,2020-05-04,Activo,5,4,Indefinido,Completa,30160
230,Rosa,Rincón,F,1970-08-05,2023-04-21,Activo,6,3,Temporal,Completa,24940
231,Lucía,Gimenez,M,1972-03-25,2021-04-22,Activo,3,1,Indefinido,Parcial,24996
232,Juan Francisco,Valencia,O,1990-06-27,2023-03-01,Activo,7,5,Indefinido,Completa,22024
233,Ricardo,Mínguez,O,1971-09-26,2020-04-10,Activo,5,2,Temporal,Completa,29245
234,Inés,Fernández,F,1976-04-28,2023-03-29,Activo,5,5,Indefinido,Completa,23294
235,Miriam,Ruano,M,2003-09-02,2021-06-25,Activo,4,5,Indefinido,Completa,28846
236,José Mari,Aragón,F,1986-10-25,2021-07-29,Activo,4,1,Indefinido,Completa,24229
237,Nicolás,Arjona,O,1984-02-29,2022-12-29,Activo,1,4,Indefinido,Completa,19568
238,Benigno,Tudela,F,1974-08-04,2024-08-19,Activo,5,4,Indefinido,Parcial,30022
239,María,Mate,F,1998-01-12,2025-01-18,Activo,8,3,Temporal,Completa,19039
240,Rafaela,Alcázar,O,1980-05-26,2021-08-16,Activo,4,5,Indefinido,Completa,26090
241,Epifanio,Peña,O,1970-09-26,2021-12-12,Activo,6,5,Indefinido,Completa,25114
242,Remedios,Nuñez,F,1988-02-05,2022-07-18,Activo,7,2,Temporal,Completa,24906
243,Áurea,Lago,M,2000-07-10,2023-11-18,Activo,3,3,Temporal,Parcial,23195
244,Román,Crespi,F,1968-10-24,2023-07-06,Activo,6,2,Indefinido,Completa,29262
245,Ángeles,Vilalta,F,1970-02-24,2023-09-14,Activo,4,1,Prácticas,Parcial,25875
246,Damián,Parra,F,1988-12-27,2021-09-27,Activo,3,5,Indefinido,Completa,26087
247,Alicia,Santamaría,M,1992-08-27,2022-08-20,Activo,4,3,Temporal,Completa,29979
248,Juan José,Montalbán,O,1970-03-20,2024-06-12,Activo,2,1,Indefinido,Completa,29350
249,Jose Ramón,Franch,O,1996-11-23,2019-03-20,Activo,4,2,Indefinido,Completa,29897
250,Sonia,Diez,O,2003-02-01,2020-07-28,Activo,3,2,Indefinido,Completa,26239
251,Jenny,Ledesma,O,1971-10-15,2018-10-29,Activo,3,2,Temporal,Completa,26312
252,Eric,Botella,F,1985-08-05,2021-01-01,Activo,8,1,Indefinido,Completa,28972
253,Julieta,Méndez,O,1988-04-07,2021-01-13,Activo,5,1,Temporal,Completa,26855
254,Ibán,Armas,M,1968-07-14,2022-07-29,Activo,6,1,Indefinido,Completa,21015
255,Bárbara,Garcés,M,1999-01-08,2024-07-17,Activo,6,1,Temporal,Parcial,31150
256,Chita,Navarro,F,1993-02-27,2020-04-07,Activo,5,5,Indefinido,Parcial,22399
257,Belén,Puig,M,1992-03-30,2022-06-02,Activo,1,2,Temporal,Completa,21161
258,Magdalena,Macias,F,1967-08-12,2024-07-09,Activo,6,2,Indefinido,Completa,22049
259,Lupita,Tejera,F,1977-10-27,2022-03-25,Activo,1,3,Indefinido,Completa,19669
260,Maristela,Fábregas,F,1984-08-11,2021-08-15,Activo,6,1,Indefinido,Completa,31842
261,Adalberto,Roura,O,2005-05-09,2018-12-19,Activo,6,1,Indefinido,Completa,20653
262,Ovidio,Rodrigo,M,2003-10-20,2024-06-12,Activo,8,2,Indefinido,Completa,24314
263,Cruz,Arenas,M,1992-07-21,2024-06-22,Activo,2,5,Indefinido,Completa,29906
264,César,Alegria,F,1978-11-27,2021-04-22,Activo,7,5,Temporal,Completa,27994
265,Eusebio,Collado,F,1994-07-01,2020-02-08,Activo,5,4,Temporal,Parcial,28547
266,Conrado,Fuster,M,1968-05-03,2023-01-14,Activo,3,3,Indefinido,Completa,31858
267,Rufino,Tejedor,O,1996-07-18,2024-02-09,Activo,8,1,Indefinido,Completa,22967
268,Rosalinda,Lozano,O,1977-07-04,2024-06-03,Activo,1,2,Indefinido,Completa,24038
269,Rogelio,Cuervo,O,1982-03-30,2020-05-04,Activo,2,2,Prácticas,Parcial,23735
270,Pilar,Garcia,F,2005-12-04,2021-02-02,Activo,6,3,Temporal,Completa,18261
271,Ricardo,Albero,O,1977-02-06,2018-10-05,Activo,6,4,Temporal,Parcial,25712
272,Enrique,Ramos,O,1994-05-17,2022-12-26,Activo,1,3,Indefinido,Completa,18687
273,Jafet,Juliá,M,1974-11-02,2025-01-27,Activo,8,3,Prácticas,Completa,26527
274,Ágata,Armas,M,1971-12-29,2025-01-24,Activo,1,2,Indefinido,Completa,21199
275,Cándido,Rico,O,1984-08-21,2024-03-08,Activo,6,3,Indefinido,Completa,28188
276,Juan José,Toro,F,1978-07-29,2022-10-24,Activo,7,3,Indefinido,Parcial,24725
277,Nilo,Morera,F,1973-10-28,2022-08-09,Activo,6,3,Indefinido,Completa,28593
278,Santiago,Abascal,M,1997-08-18,2022-09-09,Activo,8,2,Indefinido,Completa,27304
279,Evelia,Múñiz,M,1966-10-06,2021-05-13,Activo,1,2,Temporal,Completa,30691
280,Ángel,Jáuregui,O,1999-08-16,2022-09-23,Activo,3,3,Indefinido,Completa,25152
281,Candela,Bayona,F,1980-12-16,2019-06-07,Activo,6,5,Temporal,Completa,20309
282,Dimas,Blanes,F,1975-02-19,2020-11-20,Activo,6,5,Indefinido,Completa,19393
283,Jose,Pont,O,1992-07-09,2019-01-20,Activo,7,1,Indefinido,Completa,29456
284,Paz,Aroca,M,1992-07-10,2020-11-15,Activo,2,5,Indefinido,Completa,18125
285,Óscar,Parra,M,1978-06-28,2019-10-17,Activo,8,3,Temporal,Parcial,28577
286,Evita,Solís,F,1994-10-30,2019-04-25,Activo,7,3,Prácticas,Completa,24924
287,Ana,Mate,M,1966-06-07,2023-08-31,Activo,2,5,Indefinido,Completa,31983
288,Esther,Cal,M,1984-04-16,2019-05-16,Activo,3,2,Indefinido,Completa,31823
289,Artemio,Blasco,O,1991-06-27,2020-10-29,Activo,5,4,Temporal,Completa,21910
290,Trini,Gutiérrez,M,1968-11-27,2020-12-12,Activo,6,2,Temporal,Completa,26563
291,Pío,Serrano,O,2003-09-25,2022-02-17,Activo,8,3,Temporal,Parcial,30530
292,Carolina,Pla,F,1999-07-21,2025-02-05,Activo,4,2,Indefinido,Completa,22991
293,Imelda,Piñeiro,O,2005-01-01,2019-03-10,Activo,5,2,Temporal,Completa,31131
294,Ernesto,Sarmiento,O,1991-10-09,2024-05-09,Activo,1,2,Indefinido,Completa,29543
295,Maristela,Jordá,F,1988-08-16,2019-05-18,Activo,4,3,Indefinido,Parcial,29993
296,Maricruz,Farré,M,2003-02-02,2019-06-13,Activo,4,5,Temporal,Completa,30874
297,Edmundo,Pelayo,F,1977-08-13,2024-01-04,Activo,7,1,Indefinido,Completa,25714
298,Gervasio,Villar,M,1996-04-23,2021-06-14,Activo,3,2,Temporal,Completa,28449
299,Fausto,Ríos,O,1980-11-09,2022-05-24,Activo,3,4,Indefinido,Completa,24642
300,Leire,Andres,O,1977-07-19,2023-08-29,Activo,1,1,Indefinido,Completa,26350
301,Ariadna,Pedrero,M,2006-05-26,2020-08-08,Activo,8,4,Indefinido,Completa,30580
302,Onofre,Echevarría,F,1991-07-27,2023-12-01,Activo,7,4,Temporal,Completa,22841
303,Loreto,Mur,M,1996-04-16,2022-11-11,Activo,1,3,Indefinido,Completa,26746
304,Marco,Contreras,M,1982-12-14,2025-02-17,Activo,5,4,Temporal,Completa,20318
305,Cristian,Pastor,M,1971-06-12,2024-03-20,Activo,2,2,Indefinido,Completa,27871
306,Patricia,Castejón,F,1989-12-19,2020-11-11,Activo,1,2,Temporal,Completa,28843
307,Azeneth,Guijarro,F,1995-06-11,2021-03-30,Activo,5,4,Temporal,Completa,24891
308,Gilberto,Nogueira,O,1998-06-16,2019-03-25,Activo,1,4,Temporal,Completa,20326
309,Teodoro,Rey,O,2004-07-12,2025-04-21,Activo,4,4,Indefinido,Completa,30817
310,Itziar,Alvarez,F,1975-05-24,2024-08-21,Activo,6,1,Indefinido,Completa,29716
311,Anabel,Aller,O,1968-11-18,2019-05-30,Activo,5,2,Indefinido,Completa,24329
312,Elisabet,Feijoo,O,2000-07-04,2023-03-10,Activo,8,4,Indefinido,Completa,26690
313,Florentina,Alemany,F,2006-12-25,2018-09-19,Activo,3,4,Temporal,Completa,31527
314,Eli,Vilalta,M,1967-09-14,2024-07-23,Activo,8,3,Indefinido,Completa,26111
315,Santiago,Acevedo,M,1989-02-15,2025-01-20,Activo,8,5,Indefinido,Completa,29768
316,Eligia,Palma,O,1988-08-03,2020-01-02,Activo,2,3,Indefinido,Completa,24964
317,Alonso,Burgos,O,1980-08-05,2025-05-09,Activo,7,4,Indefinido,Completa,27530
318,Soraya,Rincón,M,1970-05-01,2022-05-15,Activo,5,3,Indefinido,Completa,27450
319,Efraín,Galvez,F,2001-04-12,2021-12-26,Activo,4,1,Temporal,Completa,31771
320,Genoveva,Corral,F,1992-07-29,2019-02-13,Activo,7,5,Temporal,Completa,25744
321,Candelario,Francisco,F,1977-05-05,2022-04-13,Activo,8,5,Temporal,Completa,31299
322,Marcia,Landa,F,2003-07-10,2020-11-19,Activo,2,5,Indefinido,Parcial,25375
323,María José,Blanes,O,2006-02-19,2020-07-29,Activo,7,2,Temporal,Completa,23540
324,Ceferino,Alegre,O,1973-01-18,2021-04-14,Activo,5,3,Indefinido,Completa,22913
325,Delia,Rocha,M,1975-12-12,2022-04-19,Activo,3,5,Indefinido,Completa,21400
326,Natalia,Mateu,F,2006-09-18,2024-11-28,Activo,2,2,Indefinido,Parcial,24893
327,Lina,Baquero,O,1983-02-25,2019-05-19,Activo,4,2,Indefinido,Completa,27051
328,Alondra,Tapia,M,1973-02-10,2020-01-12,Activo,2,4,Temporal,Completa,24968
329,Arcelia,Pinedo,M,1999-05-26,2023-12-09,Activo,8,2,Indefinido,Parcial,29520
330,Belen,Perera,M,1995-05-01,2020-01-02,Activo,1,5,Temporal,Completa,24450
331,Esmeralda,Pi,O,1982-10-29,2023-03-18,Activo,4,5,Indefinido,Completa,26681
332,Teresa,Mínguez,F,1985-05-22,2022-04-13,Activo,7,2,Indefinido,Completa,22073
333,Lucio,Morcillo,M,1983-11-27,2024-08-13,Activo,5,5,Temporal,Completa,29186
334,Eustaquio,Seguí,M,1991-02-01,2024-01-09,Activo,5,3,Indefinido,Completa,23776
335,Tomás,Manzano,O,1972-06-24,2021-09-10,Activo,2,4,Indefinido,Completa,25213
336,Claudia,Garcés,O,1977-03-01,2018-10-01,Activo,6,4,Indefinido,Completa,21918
337,Mónica,Sans,O,1985-02-27,2021-02-22,Activo,1,5,Indefinido,Completa,24480
338,Ale,Tejada,F,1980-04-11,2019-08-30,Activo,1,2,Indefinido,Completa,27703
339,Ale,Calleja,M,1985-06-28,2023-08-11,Activo,6,4,Temporal,Completa,28759
340,Lupita,Gual,M,1976-08-05,2018-09-12,Activo,2,2,Indefinido,Completa,19767
341,Juanito,Agustín,F,1998-12-30,2018-09-04,Activo,3,2,Indefinido,Completa,31290
342,Amaro,Palacio,F,1987-12-16,2024-08-01,Activo,8,5,Temporal,Parcial,19870
343,Clementina,Arévalo,M,2005-12-12,2020-08-06,Activo,4,2,Temporal,Completa,28488
344,Anna,Parra,M,2007-04-10,2024-10-17,Activo,6,3,Indefinido,Completa,19592
345,Josefa,Pintor,O,1972-02-11,2020-04-08,Activo,7,1,Temporal,Parcial,26585
346,Ariadna,Acuña,O,1995-06-15,2020-01-08,Activo,6,3,Temporal,Completa,29038
347,Nayara,Arroyo,F,2001-07-22,2021-01-31,Activo,8,2,Indefinido,Completa,28070
348,Pío,Pinedo,F,1995-01-23,2018-11-26,Activo,3,5,Temporal,Completa,28383
349,Chita,Martinez,F,1985-10-27,2021-01-23,Activo,5,5,Prácticas,Completa,27200
350,María,Rius,O,1984-07-15,2025-01-15,Activo,7,4,Temporal,Completa,24341
351,Mamen,Sevillano,M,1993-05-02,2025-02-22,Activo,6,3,Indefinido,Completa,21465
352,Reyes,Avilés,F,1971-01-01,2021-08-18,Activo,7,4,Indefinido,Completa,26861
353,Lope,Capdevila,O,1998-08-15,2024-05-19,Activo,5,1,Indefinido,Completa,21226
354,Bernarda,Santos,M,1992-10-13,2023-09-11,Activo,4,2,Indefinido,Completa,27992
355,Donato,Solsona,M,1967-07-13,2023-05-06,Activo,3,1,Indefinido,Completa,28376
356,Lidia,Pulido,F,1995-01-23,2023-02-25,Activo,3,4,Indefinido,Completa,24388
357,Leticia,Córdoba,O,1972-02-12,2024-09-04,Activo,3,3,Indefinido,Completa,22637
358,Pascuala,Bellido,M,2005-08-12,2022-11-08,Activo,8,4,Indefinido,Completa,27149
359,Omar,Río,O,1974-09-24,2022-04-08,Activo,5,2,Temporal,Completa,28699
360,Angelino,Vara,O,2004-06-25,2024-07-23,Activo,2,1,Indefinido,Parcial,30817
361,Agustín,Ballesteros,F,1969-04-23,2022-07-27,Activo,2,5,Indefinido,Completa,24701
362,Liliana,Crespo,O,1997-12-11,2023-10-24,Activo,4,1,Indefinido,Completa,28223
363,Felicidad,Benítez,O,1989-09-11,2022-12-18,Activo,3,2,Indefinido,Completa,28112
364,Evangelina,Morillo,F,1966-02-15,2021-09-07,Activo,5,5,Indefinido,Completa,18163
365,Gervasio,Narváez,F,1980-09-30,2019-11-08,Activo,4,2,Indefinido,Completa,20790
366,Aurora,Cerdá,F,2007-06-05,2020-03-28,Activo,8,2,Temporal,Completa,27484
367,Adelaida,Navas,F,1976-06-20,2022-11-05,Activo,3,3,Indefinido,Completa,25605
368,Isaías,Diez,F,1986-05-13,2024-03-14,Activo,5,4,Prácticas,Parcial,22693
369,Óscar,Cabello,M,2000-09-20,2022-08-16,Activo,4,3,Temporal,Parcial,23369
370,Celestino,Prats,O,2001-05-04,2021-02-03,Activo,2,1,Temporal,Completa,30828
371,Gerónimo,Melero,M,1993-09-18,2021-03-11,Activo,3,1,Temporal,Completa,23671
372,Francisca,Anguita,F,1989-06-02,2018-09-18,Activo,1,1,Indefinido,Completa,27387
373,Mar,Guitart,O,1966-07-24,2022-02-17,Activo,8,5,Indefinido,Completa,26333
374,Leonel,Nadal,O,2005-05-03,2023-03-13,Activo,2,2,Temporal,Completa,24278
375,Ruben,Grau,O,1987-02-10,2024-01-05,Activo,5,5,Temporal,Completa,25563
376,Jose Manuel,Puig,F,1982-09-22,2021-09-09,Activo,1,4,Temporal,Parcial,18513
377,Paula,Herrera,F,1989-02-17,2019-04-23,Activo,5,2,Indefinido,Completa,30339
378,Cristóbal,Giménez,O,1978-03-16,2019-01-09,Activo,5,4,Indefinido,Completa,18503
379,Elena,Nicolás,M,1992-05-30,2023-02-12,Activo,2,3,Indefinido,Completa,25146
380,Ágata,Naranjo,F,1978-06-16,2022-11-23,Activo,4,2,Prácticas,Completa,24378
381,Anita,Oliva,M,1998-07-19,2025-02-19,Activo,5,4,Indefinido,Completa,23084
382,Malena,Alegria,O,1980-01-20,2022-11-30,Activo,8,4,Temporal,Completa,28582
383,Ignacia,Sancho,F,1990-07-22,2019-09-05,Activo,5,3,Indefinido,Completa,31133
384,José,Ballester,M,1994-09-07,2022-03-14,Activo,8,3,Indefinido,Parcial,22340
385,Jorge,Barrio,F,1998-08-24,2024-06-21,Activo,6,2,Prácticas,Completa,29336
386,Gastón,Márquez,O,1965-06-15,2022-09-07,Activo,4,3,Temporal,Completa,29437
387,Melisa,Tomás,M,1965-09-06,2019-09-21,Activo,7,1,Indefinido,Completa,27606
388,Andrea,Mateos,F,1982-08-25,2022-11-04,Activo,3,3,Indefinido,Completa,31632
389,Rómulo,Bonilla,F,2006-04-12,2023-11-06,Activo,6,3,Temporal,Completa,31492
390,Macarena,Infante,F,1973-11-18,2023-09-12,Activo,8,2,Indefinido,Completa,19663
391,Pili,Larrea,M,1994-01-20,2025-02-07,Activo,4,4,Indefinido,Parcial,25494
392,Virginia,Chaparro,M,1967-02-23,2024-02-09,Activo,4,4,Temporal,Completa,30739
393,Isidora,Ferrán,O,2001-07-04,2018-09-14,Activo,7,2,Temporal,Completa,25808
394,Carina,Mármol,O,1971-12-09,2023-06-20,Activo,7,3,Temporal,Completa,18859
395,Nicanor,Vargas,O,1985-04-23,2021-08-22,Activo,5,5,Indefinido,Completa,25137
396,Vito,Alcolea,F,1992-04-11,2020-09-10,Activo,1,1,Temporal,Completa,31224
397,Mireia,Cueto,O,1966-12-23,2019-09-19,Activo,6,4,Indefinido,Completa,30034
398,Paola,Granados,M,1990-04-04,2024-10-30,Activo,1,3,Indefinido,Completa,18832
399,Galo,Espejo,F,1990-09-01,2023-02-14,Activo,6,4,Indefinido,Completa,24068
400,Jesusa,Galán,O,2006-10-15,2024-09-19,Activo,4,2,Indefinido,Completa,26897
401,María Del Carmen,Luján,F,2004-10-17,2020-03-22,Activo,8,4,Indefinido,Completa,21154
402,Juan,Huertas,O,1993-05-29,2024-12-01,Activo,4,5,Indefinido,Completa,28565
403,Gema,Segovia,O,1981-05-29,2020-09-29,Activo,3,5,Indefinido,Completa,22496
404,Rodolfo,España,F,2002-06-20,2022-02-07,Activo,1,5,Temporal,Parcial,30559
405,Jacobo,Crespi,F,1968-04-09,2020-09-27,Activo,5,3,Temporal,Completa,23909
406,Carmen,Murillo,F,1995-06-13,2021-02-23,Activo,5,3,Indefinido,Completa,19661
407,Martina,Torres,F,1969-05-10,2023-08-26,Activo,1,1,Indefinido,Parcial,28629
408,Juan Antonio,Rivera,O,2005-09-03,2024-01-25,Activo,7,5,Indefinido,Parcial,28367
409,Angelina,Aller,M,1976-08-11,2025-03-18,Activo,4,5,Temporal,Completa,26026
410,Luis Miguel,Almansa,M,1992-04-25,2020-02-23,Activo,6,1,Indefinido,Completa,31877
411,Débora,Andrade,M,1992-02-20,2023-12-07,Activo,2,1,Indefinido,Completa,23363
412,Juan,Perez,M,1991-09-16,2020-03-04,Activo,2,5,Temporal,Completa,23372
413,Natalio,Solís,O,2000-06-01,2022-08-05,Activo,8,4,Indefinido,Completa,20367
414,Plácido,Riba,O,1966-06-02,2020-08-01,Activo,5,3,Indefinido,Parcial,30675
415,Heraclio,Núñez,O,2000-10-13,2023-03-04,Activo,7,1,Indefinido,Completa,21432
416,Onofre,Rosselló,F,1965-07-19,2020-08-15,Activo,6,5,Prácticas,Completa,25702
417,Florencio,Beltrán,O,2004-03-07,2020-06-01,Activo,3,1,Indefinido,Parcial,26679
418,Kike,Ibarra,O,1970-12-28,2019-04-01,Activo,7,2,Temporal,Completa,23914
419,Roque,Sarmiento,O,1966-04-03,2024-11-02,Activo,1,3,Indefinido,Completa,28347
420,Eusebia,Pujol,O,1972-02-27,2022-12-26,Activo,2,4,Indefinido,Completa,19292
421,Jose Ignacio,Vega,F,2001-06-24,2024-07-11,Activo,2,4,Indefinido,Completa,26053
422,Casandra,Cabañas,F,1980-05-31,2022-01-21,Activo,8,4,Indefinido,Completa,21796
423,Nico,Pallarès,F,1988-10-18,2025-03-09,Activo,7,1,Indefinido,Completa,24223
424,Marciano,Lobo,O,1970-03-15,2018-12-24,Activo,3,4,Indefinido,Completa,18162
425,Virgilio,Cervantes,O,2004-12-30,2019-10-07,Activo,8,5,Indefinido,Parcial,24299
426,Brígida,Huertas,O,1984-12-15,2020-05-15,Activo,4,1,Indefinido,Completa,24227
427,Lorenza,Ponce,O,1977-06-30,2021-05-25,Activo,5,5,Indefinido,Completa,26482
428,Graciana,Criado,F,1987-05-27,2022-01-29,Activo,6,4,Temporal,Parcial,30048
429,Serafina,Gordillo,M,1988-11-23,2019-11-02,Activo,8,1,Indefinido,Completa,28130
430,Efraín,Prada,O,1975-06-12,2019-06-06,Activo,2,4,Temporal,Completa,22037
431,Paloma,Castilla,M,1967-05-21,2020-07-04,Activo,5,5,Indefinido,Completa,18270
432,Ruth,Carnero,O,1968-10-29,2020-05-13,Activo,5,5,Indefinido,Completa,26877
433,Amador,Real,M,1987-10-15,2021-03-19,Activo,5,4,Indefinido,Completa,20867
434,Felipa,Vilaplana,F,1976-04-05,2021-03-21,Activo,2,2,Temporal,Completa,30725
435,Olivia,Porcel,F,2007-02-15,2022-06-16,Activo,1,1,Temporal,Completa,30073
436,Damián,Azorin,F,1986-11-06,2020-05-29,Activo,3,1,Prácticas,Completa,28447
437,Nerea,Pla,O,1997-10-05,2020-11-22,Activo,1,5,Indefinido,Completa,31102
438,Cintia,Fabra,F,1976-01-04,2024-10-02,Activo,4,5,Temporal,Completa,31150
439,Macario,Bartolomé,M,1997-01-16,2020-05-06,Activo,4,2,Indefinido,Completa,28280
440,Malena,Menéndez,O,1976-06-27,2019-01-21,Activo,6,2,Indefinido,Completa,29782
441,Ariel,Tamarit,M,2005-09-18,2023-03-27,Activo,4,5,Temporal,Completa,30665
442,Amado,Maza,F,1987-07-01,2024-06-06,Activo,7,4,Indefinido,Completa,20423
443,Daniel,Aguilera,F,1972-01-07,2024-12-04,Activo,5,1,Indefinido,Completa,23984
444,Cecilio,Casals,O,1972-12-07,2018-11-07,Activo,3,1,Indefinido,Completa,31971
445,Marc,Lucas,M,1989-06-03,2021-03-05,Activo,5,4,Indefinido,Completa,19058
446,América,Anaya,O,2001-03-07,2024-09-12,Activo,6,1,Indefinido,Completa,22650
447,Melchor,Lillo,F,1966-01-11,2024-12-06,Activo,6,2,Indefinido,Completa,23614
448,Albert,Batlle,M,2002-12-30,2021-02-09,Activo,5,4,Indefinido,Completa,25931
449,Ángel,Fortuny,F,1982-04-27,2024-05-01,Activo,1,3,Temporal,Parcial,21013
450,Mayte,Orozco,F,1986-11-17,2019-03-08,Activo,4,4,Temporal,Completa,21549
451,Pedro,Moles,O,1975-09-16,2020-10-18,Activo,8,3,Indefinido,Completa,26907
452,Mario,Sáenz,F,1982-10-29,2024-01-12,Activo,2,2,Indefinido,Completa,28909
453,Dorotea,Arnaiz,F,2005-07-08,2025-04-04,Activo,4,2,Indefinido,Completa,24589
454,Lalo,Casals,F,1987-01-03,2020-04-01,Activo,5,1,Indefinido,Completa,18534
455,Pili,Ferreras,O,2002-10-11,2019-05-19,Activo,1,5,Indefinido,Completa,26812
456,Ani,Oliva,F,1989-02-06,2024-02-20,Activo,3,4,Indefinido,Completa,22464
457,Luz,Marín,M,1992-05-24,2024-01-23,Activo,3,2,Temporal,Completa,26907
458,Carla,Aragón,F,2000-12-12,2021-03-13,Activo,6,5,Prácticas,Parcial,23081
459,Ascensión,Quesada,F,1980-01-13,2020-03-04,Activo,5,1,Indefinido,Completa,28502
460,Eduardo,Lastra,M,1991-02-23,2020-08-13,Activo,3,1,Prácticas,Completa,31177
461,Macaria,Fabra,M,1969-11-15,2023-10-14,Activo,4,1,Indefinido,Completa,25881
462,Elba,Batalla,F,2001-02-21,2023-07-28,Activo,2,3,Temporal,Completa,31003
463,Josué,Valverde,F,1992-07-09,2021-11-11,Activo,3,3,Indefinido,Completa,31994
464,Consuela,Valera,O,2005-11-21,2023-05-27,Activo,2,5,Indefinido,Completa,25307
465,Bartolomé,Garcia,O,1997-03-13,2023-08-28,Activo,4,5,Indefinido,Completa,30904
466,Rodrigo,Aguilera,O,1994-02-24,2024-09-23,Activo,5,2,Indefinido,Completa,20433
467,Rosaura,Giménez,F,1981-12-04,2024-03-05,Activo,5,5,Indefinido,Completa,31775
468,Leopoldo,Espinosa,O,1976-04-24,2023-10-30,Activo,3,2,Temporal,Completa,22660
469,Óscar,Novoa,M,1981-10-10,2021-03-10,Activo,8,2,Prácticas,Completa,29760
470,Conrado,Fiol,M,1987-10-01,2025-03-13,Activo,4,5,Indefinido,Completa,25830
471,Rosario,Bárcena,M,2005-05-09,2024-05-16,Activo,5,4,Indefinido,Completa,20518
472,Buenaventura,Herrero,O,1974-11-26,2025-05-08,Activo,1,5,Indefinido,Parcial,27347
473,Perla,Mariscal,M,1969-03-28,2023-02-16,Activo,6,4,Prácticas,Parcial,24889
474,Américo,Cáceres,O,1972-04-08,2023-03-14,Activo,7,5,Indefinido,Completa,29037
475,Gilberto,Arellano,M,1987-01-10,2018-12-10,Activo,3,1,Indefinido,Completa,30375
476,Sarita,Barral,M,1981-09-24,2020-01-24,Activo,4,3,Temporal,Completa,20985
477,Brígida,Miralles,M,1990-04-07,2020-02-21,Activo,7,3,Prácticas,Parcial,23572
478,María Luisa,Toledo,O,1975-03-30,2021-10-18,Activo,7,4,Indefinido,Parcial,21455
479,Carlota,Zabala,M,1989-02-20,2020-11-30,Activo,8,5,Temporal,Completa,19197
480,Abel,Corbacho,M,1970-04-14,2024-01-13,Activo,4,5,Indefinido,Completa,26292
481,Roque,Zamorano,O,2005-07-23,2019-02-06,Activo,1,2,Indefinido,Parcial,21963
482,Dan,Cuesta,O,1979-07-25,2022-06-24,Activo,4,3,Indefinido,Parcial,26719
483,Alejo,Llabrés,F,1979-09-10,2020-02-21,Activo,1,3,Indefinido,Completa,18784
484,Lupe,Cañellas,M,1986-11-04,2022-04-06,Activo,8,3,Temporal,Completa,21778
485,Eligia,Pineda,O,1987-04-19,2024-05-09,Activo,7,1,Indefinido,Parcial,20189
486,Almudena,Calvet,F,1966-06-07,2021-02-17,Activo,8,3,Temporal,Completa,21717
487,Aitor,Lobato,M,1983-02-08,2021-12-29,Activo,2,5,Indefinido,Completa,23221
488,Leticia,Barranco,O,1985-06-18,2022-05-21,Activo,5,4,Indefinido,Completa,30053
489,Juan Bautista,Duque,F,1987-10-05,2022-02-13,Activo,4,2,Indefinido,Completa,21154
490,Chus,Barrena,O,1972-01-29,2019-06-28,Activo,3,4,Indefinido,Completa,25542
491,Ascensión,Rebollo,O,1973-11-23,2024-12-02,Activo,2,4,Temporal,Completa,31099
492,Milagros,Rueda,M,1985-03-28,2024-05-20,Activo,6,4,Indefinido,Completa,27852
493,Vanesa,Ricart,O,1982-03-03,2023-11-08,Activo,5,2,Indefinido,Completa,20755
494,Visitación,Mata,O,1997-09-04,2024-02-01,Activo,8,2,Indefinido,Completa,20157
495,Ximena,Gómez,O,1972-02-19,2025-03-12,Activo,4,2,Temporal,Completa,26563
496,Jesús,Peiró,F,1985-08-31,2025-02-19,Activo,5,3,Indefinido,Completa,21028
497,Haroldo,Galindo,M,2004-05-02,2019-05-21,Activo,3,3,Indefinido,Completa,24100
498,Julio,Olivé,F,1981-03-29,2024-08-02,Activo,6,5,Temporal,Completa,26103
499,Bienvenida,Vigil,F,2005-02-26,2024-09-10,Activo,6,2,Indefinido,Completa,23933
500,Ana Belén,Cañizares,O,1996-02-10,2022-11-27,Activo,3,3,Temporal,Completa,29866
501,Natalio,Arregui,O,2007-05-31,2022-09-13,Activo,2,3,Temporal,Completa,23481
502,Wálter,Manuel,O,1979-11-22,2019-07-06,Activo,7,5,Indefinido,Completa,27859
503,Nélida,Parra,F,1966-06-01,2022-10-22,Activo,7,2,Temporal,Parcial,22887
504,Norberto,Mendoza,M,1990-03-26,2023-03-12,Activo,5,4,Indefinido,Completa,31869
505,Olivia,Delgado,O,1985-03-06,2020-06-04,Activo,3,4,Indefinido,Completa,21275
506,Águeda,Fajardo,M,1975-03-25,2024-11-09,Activo,4,3,Indefinido,Parcial,26677
507,Rosalinda,Palomo,O,2002-01-28,2025-02-14,Activo,3,1,Indefinido,Completa,25772
508,Adalberto,Gimeno,M,1999-04-24,2025-01-11,Activo,2,4,Indefinido,Completa,27246
509,Jennifer,Vallés,F,1996-02-09,2019-10-29,Activo,8,2,Indefinido,Completa,18583
510,Dionisio,Pedrosa,O,1974-06-15,2021-05-22,Activo,4,5,Indefinido,Completa,26665
511,Javier,Acosta,F,2004-05-18,2020-04-27,Activo,7,2,Indefinido,Completa,24318
512,Vilma,Tormo,F,1978-01-02,2021-09-17,Activo,7,5,Indefinido,Completa,21712
513,Abril,Casal,F,1966-02-22,2023-10-08,Activo,5,5,Indefinido,Completa,23106
514,Heliodoro,Mendez,M,1994-05-02,2023-09-07,Activo,1,2,Indefinido,Completa,20596
515,Marcial,Andrade,M,1990-10-28,2020-11-05,Activo,5,4,Prácticas,Completa,19664
516,Trinidad,Aliaga,O,1973-11-21,2018-10-11,Activo,2,4,Indefinido,Completa,31898
517,Nereida,Ángel,F,2002-11-22,2019-11-15,Activo,8,5,Indefinido,Completa,25025
518,Laura,Lamas,M,1995-03-16,2024-09-17,Activo,7,4,Indefinido,Parcial,27419
519,Narcisa,Arnaiz,O,1998-02-18,2024-03-16,Activo,8,4,Indefinido,Completa,18816
520,Ramiro,Jerez,O,1967-01-12,2024-02-15,Activo,3,5,Temporal,Parcial,20276
521,Néstor,Villa,F,1994-04-21,2019-07-08,Activo,7,2,Indefinido,Completa,19122
522,Gabriela,Bonet,F,1980-10-27,2023-12-22,Activo,1,3,Indefinido,Completa,29422
523,Herberto,Goicoechea,M,1971-05-25,2024-05-04,Activo,8,4,Temporal,Parcial,28992
524,Ainara,Herranz,M,1988-11-09,2022-06-08,Activo,5,1,Indefinido,Completa,20048
525,Aurora,Vicens,M,1997-09-27,2022-12-31,Activo,8,4,Prácticas,Completa,18934
526,Berto,Gimeno,O,2001-07-11,2020-11-21,Activo,3,3,Temporal,Completa,29141
527,Vidal,Rodríguez,O,1998-09-10,2018-10-07,Activo,3,4,Indefinido,Completa,31685
528,Olegario,Bolaños,F,2000-12-14,2022-11-23,Activo,7,5,Indefinido,Parcial,18555
529,Abigaíl,Bejarano,F,1993-09-19,2020-10-04,Activo,5,4,Indefinido,Completa,31578
530,Albina,Esteve,F,1966-01-06,2021-10-14,Activo,3,3,Indefinido,Completa,31373
531,Daniel,Álvaro,O,1980-12-17,2018-10-23,Activo,1,4,Indefinido,Completa,20857
532,Amanda,Bermudez,M,1968-03-11,2020-03-15,Activo,5,1,Indefinido,Completa,24448
533,Dimas,Maldonado,M,1977-06-22,2023-11-17,Activo,2,5,Indefinido,Completa,31004
534,Palmira,Pol,M,2006-05-24,2022-01-03,Activo,1,3,Indefinido,Completa,24067
535,Celso,Marquez,M,2006-02-08,2022-12-07,Activo,4,1,Temporal,Completa,28717
536,Francisco Javier,Clavero,O,1967-11-19,2023-11-09,Activo,8,4,Indefinido,Parcial,24198
537,Alonso,Molins,O,1998-01-24,2021-01-06,Activo,4,5,Temporal,Completa,28608
538,Belen,Ros,F,1971-11-17,2023-09-13,Activo,7,1,Indefinido,Completa,25631
539,Teófila,Vives,M,1977-01-07,2019-09-30,Activo,4,3,Temporal,Parcial,24610
540,Catalina,Salinas,M,1982-10-21,2024-07-24,Activo,1,4,Indefinido,Completa,30063
541,Leopoldo,Leiva,O,1998-08-21,2023-10-29,Activo,5,4,Indefinido,Parcial,20989
542,Miriam,Barranco,F,2000-10-25,2024-08-19,Activo,7,5,Indefinido,Completa,28307
543,Isabela,Galván,M,1987-12-08,2019-11-17,Activo,5,5,Indefinido,Completa,18852
544,Vinicio,Infante,F,2001-02-26,2020-12-11,Activo,3,5,Indefinido,Completa,23878
545,Silvio,Delgado,O,1985-01-26,2019-06-04,Activo,5,2,Temporal,Completa,24213
546,Gerardo,Muro,M,1990-10-04,2022-07-18,Activo,8,1,Temporal,Parcial,20571
547,Gerónimo,Portillo,F,1990-02-13,2022-11-23,Activo,5,2,Prácticas,Completa,29972
548,Casemiro,Bertrán,F,1966-01-26,2023-09-20,Activo,5,5,Temporal,Parcial,25866
549,Felicia,Coll,M,1972-01-05,2022-05-08,Activo,3,1,Indefinido,Parcial,19524
550,Emigdio,Camps,F,1998-02-27,2019-10-22,Activo,2,2,Indefinido,Parcial,20214
551,Fátima,Castillo,O,1973-04-18,2024-03-09,Activo,6,1,Indefinido,Completa,22952
552,Lalo,Gallardo,O,1982-01-03,2020-08-31,Activo,8,3,Temporal,Completa,25797
553,Renata,Melero,F,1970-10-25,2019-02-22,Activo,7,3,Indefinido,Completa,22846
554,Agustín,Roura,F,1973-08-09,2021-08-06,Activo,3,4,Indefinido,Completa,24008
555,Alex,Sevilla,F,1976-08-25,2022-11-29,Activo,1,3,Prácticas,Completa,21464
556,Teresa,Grande,F,1966-01-05,2023-06-06,Activo,4,1,Indefinido,Completa,29455
557,Laura,Saura,F,1986-05-06,2019-09-03,Activo,3,3,Indefinido,Completa,30558
558,Juana,Bárcena,O,2001-09-11,2023-09-21,Activo,2,5,Indefinido,Completa,29672
559,Irma,Cabezas,F,1999-07-31,2021-01-26,Activo,6,3,Temporal,Completa,20941
560,Modesto,Bravo,O,1996-12-06,2022-02-25,Activo,2,3,Indefinido,Completa,21033
561,Emigdio,Serra,M,1966-01-13,2019-10-18,Activo,8,2,Temporal,Parcial,19258
562,Sara,Gárate,F,1987-08-10,2019-06-15,Activo,4,5,Temporal,Completa,26966
563,Iker,Hernandez,M,1994-06-17,2021-05-11,Activo,5,1,Temporal,Completa,29981
564,Mónica,Buendía,M,1987-04-21,2019-05-31,Activo,3,5,Indefinido,Parcial,21754
565,María,Duran,O,2003-11-06,2020-10-26,Activo,6,4,Indefinido,Completa,23787
566,Fabián,Navarrete,M,1974-01-19,2020-07-01,Activo,3,2,Indefinido,Completa,30409
567,Bartolomé,Olmedo,M,1986-03-04,2018-08-08,Activo,5,2,Prácticas,Parcial,28797
568,Agapito,Moles,F,2005-04-12,2021-11-01,Activo,4,3,Prácticas,Completa,28041
569,Albert,Bas,O,1997-05-17,2020-09-22,Activo,6,4,Indefinido,Completa,29425
570,Clímaco,Valdés,M,2006-12-17,2021-07-01,Activo,4,1,Indefinido,Completa,25565
571,Amílcar,Alonso,O,1986-03-03,2022-07-09,Activo,5,3,Indefinido,Completa,20767
572,María Carmen,Laguna,F,2002-04-22,2019-04-19,Activo,3,4,Indefinido,Completa,19869
573,Sabas,Bárcena,M,1992-11-06,2021-10-29,Activo,4,5,Indefinido,Completa,26398
574,Alicia,Zurita,F,1980-09-28,2020-03-20,Activo,6,3,Temporal,Completa,28178
575,Sergio,Alegre,M,1993-09-03,2022-06-11,Activo,3,4,Temporal,Completa,31613
576,Cipriano,Lledó,O,1983-11-29,2025-04-28,Activo,1,1,Temporal,Completa,28492
577,Ainara,Suárez,M,1995-04-16,2023-07-10,Activo,6,1,Temporal,Completa,24916
578,Bernarda,Sobrino,M,2000-07-13,2021-04-26,Activo,1,3,Temporal,Completa,22173
579,Anabel,Solís,M,1971-02-02,2019-09-07,Activo,8,2,Indefinido,Completa,22922
580,Héctor,Vizcaíno,F,2004-10-11,2023-09-13,Activo,4,1,Temporal,Completa,28122
581,Jose Francisco,Madrid,F,1972-09-29,2024-10-07,Activo,4,1,Indefinido,Parcial,22806
582,Macario,Blanca,O,1976-01-21,2021-12-23,Activo,7,3,Indefinido,Completa,24844
583,Adán,Amaya,O,1996-07-31,2020-01-14,Activo,8,4,Indefinido,Completa,22028
584,Dora,Serrano,O,2006-02-28,2025-02-04,Activo,5,3,Indefinido,Completa,25777
585,Encarnación,Pagès,F,1969-02-03,2019-12-22,Activo,5,3,Indefinido,Completa,25790
586,Margarita,Jaume,M,2006-08-12,2020-05-29,Activo,6,5,Prácticas,Completa,26066
587,Amado,Baró,M,1978-07-10,2023-04-19,Activo,2,4,Temporal,Completa,26422
588,Nicolasa,Acedo,M,1995-11-16,2022-06-17,Activo,5,4,Indefinido,Completa,27596
589,Baltasar,Pinilla,O,2007-01-20,2022-03-03,Activo,7,1,Temporal,Completa,31974
590,Eufemia,Prado,O,1991-08-02,2022-08-04,Activo,4,2,Indefinido,Completa,24285
591,Primitiva,Acevedo,F,1990-03-22,2023-10-17,Activo,2,1,Indefinido,Parcial,23772
592,Borja,Rivero,F,2003-06-12,2020-08-25,Activo,7,2,Temporal,Completa,29293
593,Aurora,Montenegro,M,1996-01-21,2019-08-17,Activo,1,2,Indefinido,Completa,27849
594,Georgina,Adadia,O,2000-05-04,2018-09-10,Activo,8,2,Indefinido,Completa,25014
595,Olimpia,Castellanos,M,1996-07-12,2018-12-09,Activo,8,4,Temporal,Completa,21177
596,Carlos,Carpio,M,1999-04-23,2024-01-04,Activo,5,1,Indefinido,Completa,20743
597,Maricela,Gracia,O,1983-04-08,2023-12-08,Activo,1,2,Indefinido,Completa,23734
598,Adán,Naranjo,M,1992-07-15,2023-01-18,Activo,4,4,Temporal,Parcial,24485
599,Matías,Cabezas,M,2002-09-04,2019-07-22,Activo,3,2,Indefinido,Completa,22843
600,Griselda,Ferrero,F,1975-05-14,2022-11-18,Activo,6,3,Temporal,Completa,24368
601,Bernardo,Cabañas,M,2000-01-30,2020-10-31,Activo,2,2,Indefinido,Completa,24878
602,Héctor,Corral,M,1970-03-08,2019-10-27,Activo,4,1,Indefinido,Parcial,21153
603,Miriam,Diéguez,O,1966-03-08,2022-04-29,Activo,8,2,Indefinido,Completa,25541
604,Ruben,Valentín,O,1995-12-05,2025-03-31,Activo,7,5,Indefinido,Completa,23140
605,Ascensión,Blanco,O,1985-10-18,2022-02-15,Activo,5,2,Temporal,Completa,22014
606,Manolo,Sáenz,F,1983-09-21,2024-03-23,Activo,7,2,Temporal,Completa,23591
607,Amador,Corral,O,1969-07-07,2024-06-28,Activo,7,1,Temporal,Completa,20002
608,Leocadio,Gil,O,2003-05-02,2024-09-19,Activo,7,3,Temporal,Completa,20433
609,José Antonio,Atienza,M,1984-06-17,2023-09-21,Activo,5,2,Temporal,Parcial,23026
610,Aurora,Ramirez,M,1966-02-13,2019-02-18,Activo,4,5,Indefinido,Parcial,31910
611,Plinio,Pelayo,O,2000-09-26,2024-07-12,Activo,4,3,Indefinido,Parcial,18393
612,Ángela,Tamayo,M,1977-02-18,2019-08-10,Activo,3,1,Temporal,Parcial,21831
613,Visitación,Salazar,F,2006-02-20,2024-12-06,Activo,3,5,Indefinido,Completa,22701
614,Borja,Piquer,F,1997-07-24,2022-12-12,Activo,4,1,Indefinido,Completa,29839
615,Maximiano,Canales,M,1994-06-08,2022-01-22,Activo,5,2,Indefinido,Completa,18172
616,Lara,Marín,M,1984-01-07,2021-08-06,Activo,2,5,Indefinido,Parcial,27270
617,Maximino,Nogueira,F,1989-05-14,2025-04-21,Activo,7,5,Indefinido,Completa,31003
618,Leonardo,Salvà,M,1981-08-09,2022-11-18,Activo,7,3,Indefinido,Completa,19690
619,Olivia,Lara,F,1970-11-28,2021-07-06,Activo,6,2,Temporal,Completa,30153
620,Bernarda,Gargallo,F,2000-02-24,2022-10-17,Activo,4,3,Indefinido,Completa,30757
621,Nayara,Alemán,O,1986-12-20,2022-01-15,Activo,3,1,Temporal,Completa,22928
622,Godofredo,Quevedo,F,1987-07-10,2023-08-16,Activo,6,4,Indefinido,Completa,25739
623,Paloma,Conde,F,1999-05-15,2022-11-27,Activo,8,2,Indefinido,Completa,22471
624,Adora,Peiró,O,1971-12-03,2019-11-18,Activo,1,2,Indefinido,Completa,24426
625,Nicolás,Aguirre,O,1996-09-11,2023-02-13,Activo,5,2,Indefinido,Completa,18432
626,Rosalina,Fuentes,O,1998-01-10,2019-02-20,Activo,4,5,Indefinido,Completa,29130
627,Julie,Cobo,F,1990-03-07,2018-12-24,Activo,6,1,Indefinido,Completa,19484
628,Silvestre,Manjón,F,1982-04-21,2021-09-04,Activo,8,1,Indefinido,Completa,20024
629,Alfonso,Meléndez,M,1969-01-10,2019-10-12,Activo,7,2,Temporal,Completa,21224
630,Florentino,Bermudez,M,1981-03-24,2021-09-29,Activo,5,2,Indefinido,Parcial,27784
631,Humberto,Ocaña,M,1998-12-12,2018-12-25,Activo,8,2,Temporal,Parcial,25872
632,Manu,Pinto,F,1986-08-30,2023-11-24,Activo,2,3,Temporal,Completa,23199
633,Gaspar,Jerez,M,1973-04-12,2022-08-30,Activo,1,3,Indefinido,Completa,18215
634,Matías,Sacristán,F,1968-10-05,2023-02-25,Activo,7,3,Indefinido,Completa,27759
635,Jennifer,Reyes,M,2007-03-04,2020-08-10,Activo,2,4,Indefinido,Completa,20045
636,Amancio,Vicens,M,1991-03-22,2025-02-18,Activo,4,3,Temporal,Completa,18731
637,Silvio,Casares,O,1999-01-02,2022-04-27,Activo,5,3,Indefinido,Completa,31962
638,Yolanda,Alfaro,F,1982-02-26,2018-10-20,Activo,4,2,Indefinido,Completa,19203
639,Ruperta,Villar,M,2005-09-07,2020-05-08,Activo,7,4,Indefinido,Completa,30597
640,Herminio,Torrecilla,F,1992-06-02,2020-09-30,Activo,4,3,Temporal,Parcial,22004
641,Olimpia,Morán,M,1993-07-21,2022-12-29,Activo,2,1,Indefinido,Completa,30370
642,Nazario,Rivera,O,1969-05-02,2020-09-26,Activo,3,3,Indefinido,Completa,18055
643,Dani,Yáñez,M,1999-10-11,2022-07-13,Activo,5,5,Indefinido,Completa,21086
644,Josep,Morcillo,M,1965-08-31,2024-04-28,Activo,1,2,Temporal,Completa,21339
645,Rosa,Arnal,O,2003-01-22,2023-06-16,Activo,3,3,Indefinido,Completa,26704
646,Alfredo,Tovar,O,1970-11-25,2023-09-02,Activo,6,2,Indefinido,Completa,30991
647,Albano,Salvador,F,2001-05-07,2020-01-24,Activo,5,1,Indefinido,Completa,19086
648,Manolo,Ribes,M,1972-10-08,2022-03-25,Activo,6,4,Indefinido,Parcial,26175
649,Clara,Tolosa,O,2002-02-25,2020-03-26,Activo,1,4,Indefinido,Parcial,20867
650,Isaura,Machado,F,1972-03-02,2020-12-17,Activo,7,2,Indefinido,Completa,24119
651,Andrés Felipe,Terrón,M,1980-12-29,2024-01-19,Activo,7,2,Indefinido,Completa,23525
652,Asdrubal,Verdú,M,2004-11-18,2019-01-12,Activo,8,1,Indefinido,Parcial,27948
653,Jordana,Mínguez,F,1995-05-26,2022-11-29,Activo,2,1,Temporal,Completa,26627
654,Cornelio,Benavides,O,1974-02-25,2022-07-28,Activo,6,1,Temporal,Completa,26218
655,Fausto,Jódar,M,2003-01-23,2022-10-15,Activo,7,1,Temporal,Completa,25770
656,Juanito,Barreda,M,1984-10-10,2023-04-04,Activo,5,5,Indefinido,Completa,31829
657,Pánfilo,Amo,F,1973-08-01,2024-09-01,Activo,6,4,Temporal,Parcial,21334
658,Humberto,Collado,O,1967-04-04,2023-02-22,Activo,2,2,Temporal,Completa,18725
659,Eloísa,Bosch,F,1976-10-13,2019-08-06,Activo,1,2,Temporal,Completa,24537
660,Victoriano,Jove,F,1990-02-12,2023-02-28,Activo,2,5,Indefinido,Parcial,23852
661,Sarita,Nicolás,F,1967-05-18,2021-06-27,Activo,8,5,Temporal,Parcial,28730
662,Bernardita,Artigas,M,1993-06-08,2020-06-27,Activo,5,1,Indefinido,Parcial,18671
663,Hugo,Blanco,M,1994-01-10,2018-10-08,Activo,2,4,Temporal,Completa,27669
664,Eloy,Palomar,M,1990-11-01,2024-03-01,Activo,8,3,Indefinido,Completa,18824
665,Amalia,Pedraza,F,1992-11-25,2018-10-14,Activo,7,1,Indefinido,Parcial,28160
666,Gustavo,Castelló,O,1978-11-28,2024-02-03,Activo,3,3,Indefinido,Completa,27179
667,Reyes,Gomis,M,1998-06-17,2018-10-14,Activo,2,2,Indefinido,Completa,22037
668,Rolando,Jove,O,2005-02-22,2023-02-01,Activo,4,3,Temporal,Completa,21799
669,Almudena,Sastre,O,1967-12-25,2023-02-16,Activo,5,5,Prácticas,Parcial,19149
670,Porfirio,Lloret,F,2003-09-20,2018-08-22,Activo,5,2,Indefinido,Completa,23576
671,Guiomar,Manrique,M,1989-11-12,2020-10-18,Activo,1,5,Indefinido,Completa,23929
672,Alfredo,Martinez,F,2003-08-24,2021-07-16,Activo,1,1,Temporal,Parcial,27374
673,Abilio,Parejo,F,1968-04-09,2023-06-23,Activo,4,5,Indefinido,Completa,30265
674,Rosendo,Flores,F,1971-03-01,2022-05-01,Activo,1,4,Temporal,Completa,20836
675,María Carmen,Carrión,M,1996-08-28,2023-05-05,Activo,6,1,Temporal,Completa,20402
676,Manuel,Rios,M,1988-10-09,2022-12-23,Activo,4,4,Indefinido,Completa,28110
677,Albano,Arjona,O,1985-09-24,2020-07-10,Activo,8,5,Indefinido,Parcial,27902
678,Manolo,Ribes,O,1979-12-12,2022-06-27,Activo,1,4,Indefinido,Completa,25223
679,Salud,Bou,O,1999-12-11,2022-07-12,Activo,2,4,Indefinido,Completa,23446
680,Leonardo,Alcaraz,O,1999-10-05,2022-04-18,Activo,1,4,Indefinido,Completa,27515
681,Maura,Vazquez,F,1970-06-15,2025-01-08,Activo,8,1,Indefinido,Completa,20309
682,Cipriano,Valenzuela,F,1981-05-27,2018-10-06,Activo,3,3,Indefinido,Completa,18671
683,Cecilio,Merino,F,1977-03-26,2022-08-01,Activo,2,4,Prácticas,Completa,22979
684,Maximiliano,Marín,M,1969-01-08,2020-07-14,Activo,1,4,Prácticas,Completa,29079
685,Porfirio,Carballo,F,1968-09-22,2018-12-13,Activo,2,5,Prácticas,Completa,24593
686,Georgina,Blanco,M,1998-02-14,2020-02-02,Activo,7,2,Indefinido,Parcial,30188
687,Clementina,Rozas,O,1968-01-29,2024-02-06,Activo,3,3,Indefinido,Completa,21061
688,Alfonso,Sanmiguel,O,1977-07-17,2025-02-09,Activo,8,4,Temporal,Completa,30838
689,Caridad,Villalobos,F,1998-07-14,2022-10-20,Activo,7,4,Temporal,Completa,19847
690,Cipriano,Lorenzo,F,1987-01-16,2019-11-29,Activo,4,1,Temporal,Completa,29539
691,Candelario,Osorio,F,1974-07-17,2019-01-11,Activo,2,5,Indefinido,Completa,18807
692,Noelia,Rovira,M,1976-06-15,2019-05-11,Activo,7,1,Indefinido,Parcial,19570
693,Remigio,Ojeda,M,1967-06-28,2021-05-10,Activo,3,3,Indefinido,Parcial,18757
694,Eugenia,Velázquez,M,1969-09-09,2021-09-10,Activo,6,1,Temporal,Parcial,31766
695,Edgardo,Pérez,O,2001-05-21,2018-10-22,Activo,2,1,Temporal,Parcial,25799
696,Samuel,Linares,F,1974-07-27,2022-10-17,Activo,1,5,Indefinido,Completa,21692
697,Eloísa,Milla,M,1998-11-04,2024-02-21,Activo,4,4,Indefinido,Parcial,18967
698,Juan Luis,Ramón,M,1992-08-17,2020-04-29,Activo,5,1,Indefinido,Completa,29315
699,Marciano,Tello,O,1972-02-12,2023-04-24,Activo,1,1,Temporal,Parcial,18071
700,Lourdes,Suárez,O,2000-01-03,2025-04-15,Activo,2,1,Indefinido,Completa,22859
701,Gonzalo,Coloma,M,1982-11-26,2024-03-08,Activo,4,2,Indefinido,Completa,25653
702,Leyre,Peñalver,F,1971-08-30,2020-12-15,Activo,5,4,Indefinido,Completa,25625
703,Valeria,Figueras,F,1967-01-18,2025-01-28,Activo,2,2,Indefinido,Completa,19411
704,Adán,Bárcena,O,1991-11-03,2023-03-21,Activo,4,1,Temporal,Completa,31114
705,Olivia,Cardona,F,1976-10-09,2021-12-18,Activo,7,5,Temporal,Completa,24709
706,Íngrid,Jerez,F,1965-07-15,2021-12-06,Activo,6,4,Temporal,Completa,20857
707,Mónica,Velasco,F,2000-04-17,2019-10-22,Activo,6,5,Indefinido,Completa,30092
708,Bienvenida,Pino,M,1973-03-30,2023-12-27,Activo,2,4,Indefinido,Completa,27073
709,Narcisa,Lledó,F,1990-03-30,2024-02-27,Activo,2,5,Indefinido,Completa,29433
710,Miguel,Pinilla,M,1967-04-16,2022-09-19,Activo,1,4,Indefinido,Completa,30997
711,Lupe,Cabrera,F,1987-03-03,2024-10-03,Activo,4,2,Temporal,Completa,29983
712,Cristóbal,Miró,O,1991-10-04,2021-08-09,Activo,8,2,Indefinido,Completa,18573
713,Bibiana,Casares,F,2001-07-08,2024-10-11,Activo,5,4,Temporal,Completa,31403
714,Moreno,Rius,F,1991-06-05,2022-05-24,Activo,3,1,Temporal,Completa,22109
715,Calixto,Flor,F,1970-04-15,2021-05-08,Activo,2,3,Indefinido,Completa,31303
716,Javi,Calleja,O,1982-09-11,2024-06-21,Activo,4,2,Indefinido,Parcial,25021
717,Itziar,Belda,O,1986-05-18,2020-07-10,Activo,1,2,Temporal,Completa,21605
718,Paca,Rubio,O,1997-09-30,2018-08-21,Activo,7,2,Indefinido,Completa,31507
719,Vicenta,Marco,M,1989-07-05,2019-09-16,Activo,8,3,Temporal,Completa,18791
720,Edu,Gárate,O,1998-07-25,2023-05-02,Activo,3,5,Temporal,Completa,25524
721,Hipólito,Perea,F,1991-01-05,2023-05-22,Activo,6,3,Temporal,Completa,18389
722,Blanca,Cazorla,F,2004-12-21,2019-07-18,Activo,3,2,Temporal,Parcial,28929
723,Berto,Matas,O,1971-09-10,2021-03-27,Activo,8,1,Indefinido,Completa,19524
724,Juan Bautista,Barragán,M,2005-09-05,2023-08-21,Activo,7,3,Indefinido,Completa,22720
725,Gil,Blasco,O,1968-03-08,2025-02-05,Activo,3,2,Indefinido,Completa,21780
726,Victoria,Matas,F,1973-01-19,2021-07-17,Activo,5,1,Indefinido,Completa,30848
727,Macarena,Berrocal,M,1994-04-18,2024-01-20,Activo,5,3,Prácticas,Parcial,30450
728,Dionisia,Córdoba,F,1983-11-12,2018-11-23,Activo,1,5,Temporal,Parcial,26154
729,Bienvenida,Flores,O,1968-06-22,2020-09-07,Activo,8,1,Temporal,Completa,21127
730,Alexandra,Perelló,F,1976-04-30,2022-09-01,Activo,4,3,Prácticas,Parcial,29679
731,Candela,Huertas,F,1996-06-19,2019-11-16,Activo,1,2,Indefinido,Completa,29660
732,Macaria,Santos,F,1985-05-11,2024-05-25,Activo,7,5,Indefinido,Parcial,18232
733,Clímaco,Madrigal,F,1984-12-24,2023-11-28,Activo,5,4,Temporal,Completa,22115
734,Pili,Portillo,O,1996-01-06,2023-12-01,Activo,4,2,Temporal,Parcial,26872
735,Pepe,Villa,M,1994-10-04,2023-07-12,Activo,4,1,Indefinido,Completa,26768
736,Tamara,Serra,O,1989-09-03,2025-01-20,Activo,3,4,Temporal,Completa,22235
737,Berta,Espejo,O,1979-03-21,2024-06-24,Activo,1,4,Indefinido,Completa,29440
738,Feliciana,Ripoll,O,1975-07-27,2021-09-10,Activo,5,2,Indefinido,Completa,18219
739,Octavio,Amaya,O,1968-08-20,2025-04-24,Activo,1,2,Temporal,Completa,28276
740,Cayetano,Cardona,F,1970-02-07,2022-03-26,Activo,5,1,Indefinido,Completa,23362
741,Otilia,Sanjuan,O,1994-05-08,2019-12-01,Activo,3,4,Indefinido,Parcial,30453
742,Josefina,Peñalver,F,2007-04-16,2023-12-19,Activo,6,2,Indefinido,Parcial,25386
743,Aurelio,Losa,M,1990-04-01,2023-08-21,Activo,7,3,Indefinido,Completa,18058
744,Amparo,Catalán,M,1971-08-17,2018-12-11,Activo,8,5,Temporal,Completa,24144
745,Bonifacio,Bello,F,1972-07-19,2024-09-15,Activo,6,1,Indefinido,Completa,22664
746,Sabas,Corominas,M,2000-04-28,2022-07-06,Activo,2,5,Temporal,Parcial,31615
747,Juan Bautista,Jimenez,M,2006-07-04,2023-03-13,Activo,1,3,Indefinido,Completa,31361
748,Aníbal,Abad,O,2005-12-10,2024-10-04,Activo,6,2,Temporal,Completa,24404
749,Yaiza,Lillo,O,1977-10-21,2019-12-07,Activo,8,5,Temporal,Completa,21090
750,Ale,Cardona,F,2006-03-18,2023-03-11,Activo,2,1,Temporal,Completa,28524
751,Melchor,Arenas,O,1997-08-02,2019-05-12,Activo,2,5,Temporal,Parcial,31232
752,Pascuala,Casares,O,2003-11-02,2022-09-17,Activo,1,4,Indefinido,Completa,18027
753,Danilo,Cantón,M,1971-05-28,2022-05-06,Activo,4,4,Temporal,Completa,28031
754,Efraín,Abascal,M,2003-09-25,2022-06-27,Activo,7,4,Indefinido,Completa,24246
755,Pilar,Abad,O,1991-12-05,2023-08-07,Activo,7,2,Temporal,Completa,31635
756,Ángeles,Sans,F,1980-07-02,2020-01-22,Activo,6,3,Indefinido,Completa,26379
757,Encarnación,Torrents,O,1998-04-20,2023-07-15,Activo,4,2,Indefinido,Completa,22845
758,Eugenio,Ferrándiz,F,2003-03-30,2022-04-19,Activo,1,4,Temporal,Completa,22901
759,Julie,Viñas,M,1988-08-08,2019-03-26,Activo,4,1,Indefinido,Completa,25674
760,Ceferino,Rius,F,1979-08-29,2022-10-05,Activo,1,3,Temporal,Completa,29916
761,Plinio,Leal,F,1972-04-27,2020-11-24,Activo,8,5,Indefinido,Completa,21263
762,Eloy,Parejo,M,2001-04-04,2021-09-11,Activo,4,1,Indefinido,Completa,19325
763,Paco,Santiago,M,1987-01-30,2021-04-10,Activo,4,1,Indefinido,Completa,26034
764,Clemente,Batalla,O,1974-12-10,2019-03-11,Activo,5,1,Temporal,Completa,31528
765,Azucena,Bolaños,O,1978-11-12,2018-12-03,Activo,1,2,Indefinido,Completa,23508
766,Jessica,Franco,F,1987-01-07,2021-07-30,Activo,1,5,Indefinido,Completa,19380
767,Custodio,Valenzuela,F,1965-06-23,2020-02-12,Activo,7,4,Temporal,Completa,20830
768,Mauricio,Giralt,O,1977-10-22,2019-02-16,Activo,6,4,Temporal,Completa,22040
769,Elba,Ochoa,F,1983-07-31,2023-03-25,Activo,4,2,Indefinido,Completa,20009
770,Andrea,Vargas,F,1974-07-04,2019-09-20,Activo,6,3,Temporal,Completa,27980
771,Silvestre,Castellanos,O,1990-02-28,2023-06-06,Activo,8,2,Indefinido,Parcial,26513
772,Daniel,Cantón,F,2005-04-12,2025-02-11,Activo,8,4,Indefinido,Completa,22300
773,María Luisa,Beltran,M,1967-06-22,2022-01-06,Activo,2,2,Indefinido,Completa,29225
774,Galo,Nicolau,O,1987-10-09,2020-02-24,Activo,8,3,Indefinido,Completa,20161
775,Jerónimo,Clavero,M,1974-06-06,2023-02-08,Activo,2,2,Indefinido,Completa,31980
776,Rodrigo,Rosselló,F,1982-10-07,2024-06-23,Activo,3,2,Indefinido,Completa,30473
777,Violeta,Roura,F,1999-03-09,2019-07-10,Activo,4,5,Temporal,Completa,24338
778,Pepito,Fabra,F,1967-09-08,2018-09-13,Activo,7,1,Indefinido,Completa,24547
779,Tere,Ariño,O,1983-03-28,2022-04-23,Activo,1,4,Indefinido,Parcial,31232
780,Timoteo,Beltran,O,1992-03-20,2018-10-15,Activo,5,3,Indefinido,Parcial,18615
781,Lilia,Cisneros,F,1973-02-03,2020-10-23,Activo,6,4,Temporal,Completa,24683
782,Buenaventura,Cuevas,M,1966-04-23,2023-03-19,Activo,7,1,Indefinido,Completa,26345
783,Emperatriz,Salamanca,O,2002-11-04,2020-04-21,Activo,1,1,Indefinido,Parcial,22642
784,Rita,Martorell,O,1990-07-08,2023-11-25,Activo,4,4,Indefinido,Completa,21160
785,América,Villalobos,O,1999-08-05,2021-08-09,Activo,6,4,Indefinido,Completa,26787
786,Candelaria,Carrión,M,2006-01-14,2020-08-08,Activo,8,1,Temporal,Completa,18554
787,Diego,Zorrilla,O,1967-09-14,2024-02-20,Activo,5,3,Indefinido,Parcial,30320
788,Narcisa,Corbacho,M,1977-05-09,2022-09-16,Activo,5,3,Indefinido,Completa,18324
789,Ariadna,Luís,M,1982-06-29,2020-11-15,Activo,2,3,Temporal,Completa,28015
790,Adolfo,Cobo,M,1981-10-02,2019-11-05,Activo,6,1,Indefinido,Completa,21482
791,Lupita,Figueras,M,1998-03-10,2024-01-31,Activo,2,4,Temporal,Completa,18504
792,Francisco Jose,Goicoechea,M,1994-07-17,2024-12-15,Activo,8,1,Indefinido,Completa,27162
793,Cebrián,Amor,F,1989-10-03,2019-03-20,Activo,2,1,Temporal,Completa,25804
794,Mauricio,Ibarra,M,1982-04-26,2021-09-01,Activo,1,1,Indefinido,Completa,30056
795,Bautista,Casanovas,O,1983-11-04,2023-06-09,Activo,1,3,Temporal,Completa,26344
796,Julia,Vergara,M,1975-11-13,2022-06-09,Activo,6,5,Prácticas,Completa,21056
797,Clotilde,Arias,M,1969-04-12,2018-10-05,Activo,3,2,Temporal,Parcial,29303
798,Albina,Céspedes,F,1974-02-09,2022-03-03,Activo,6,2,Indefinido,Completa,25079
799,Florina,Cepeda,M,2005-02-06,2022-08-21,Activo,7,5,Indefinido,Completa,25462
800,José Ángel,Suárez,F,1997-05-25,2018-12-20,Activo,1,5,Indefinido,Completa,22093
801,Bernardita,Pino,M,2005-10-21,2018-12-16,Activo,2,5,Prácticas,Completa,25950
802,Aarón,Mendez,M,1986-08-14,2021-10-10,Activo,7,1,Temporal,Completa,25492
803,Florencio,Garcés,F,1991-06-30,2021-02-11,Activo,2,1,Indefinido,Completa,27690
804,Ciriaco,Campillo,M,1993-09-20,2019-06-17,Activo,6,5,Indefinido,Completa,31600
805,Camila,Ávila,O,2001-10-20,2023-09-19,Activo,2,1,Temporal,Completa,18828
806,José María,Villegas,F,1995-04-12,2019-09-12,Activo,5,2,Indefinido,Parcial,20500
807,Camila,Leon,O,1995-05-06,2020-10-14,Activo,1,5,Indefinido,Completa,22880
808,Delfina,Mascaró,O,1990-10-22,2019-03-17,Activo,7,3,Indefinido,Completa,25060
809,Bernardita,Calzada,F,1975-01-12,2019-08-01,Activo,5,1,Indefinido,Parcial,24316
810,Simón,Pont,M,2005-11-17,2024-11-22,Activo,8,2,Indefinido,Parcial,21476
811,Juan Manuel,Ortega,F,2003-01-03,2023-01-08,Activo,3,5,Indefinido,Parcial,30201
812,Lilia,Bernal,M,1994-03-09,2024-06-08,Activo,4,4,Indefinido,Completa,25856
813,Belén,Juliá,F,1979-10-06,2024-08-27,Activo,6,5,Indefinido,Completa,31339
814,Benita,Cortina,M,1982-10-29,2022-12-06,Activo,3,4,Temporal,Completa,30925
815,Soraya,Riquelme,O,1980-01-29,2019-02-23,Activo,2,5,Indefinido,Completa,27008
816,Chelo,Martin,M,2003-10-01,2025-02-28,Activo,5,4,Indefinido,Completa,28821
817,Lidia,Rodrigo,F,1982-02-08,2021-02-17,Activo,2,1,Prácticas,Completa,29711
818,Susana,Herrera,O,1991-02-09,2025-01-23,Activo,2,5,Temporal,Completa,21388
819,Vera,Castrillo,M,2005-05-11,2019-11-08,Activo,8,1,Indefinido,Completa,27367
820,Abraham,Delgado,F,1983-10-17,2019-08-16,Activo,2,3,Indefinido,Completa,20617
821,Calixto,Morera,F,1989-04-30,2023-03-11,Activo,8,1,Indefinido,Completa,30728
822,Evaristo,Ripoll,O,2006-04-25,2020-05-02,Activo,2,1,Indefinido,Completa,23578
823,Noemí,Sáenz,F,1985-02-06,2019-05-05,Activo,1,2,Indefinido,Completa,18005
824,Carlito,Rosado,O,1976-10-23,2022-03-15,Activo,7,2,Indefinido,Completa,18475
825,Noelia,Olivares,F,1978-11-25,2020-12-28,Activo,5,5,Temporal,Completa,24995
826,Cleto,Bru,F,1968-07-20,2024-09-20,Activo,6,4,Prácticas,Completa,30464
827,Juan Antonio,Daza,M,1972-11-16,2021-04-06,Activo,8,5,Indefinido,Completa,23186
828,Raquel,Narváez,O,1981-11-12,2020-09-11,Activo,4,2,Temporal,Parcial,31142
829,Gracia,Cuevas,M,1989-05-09,2020-07-14,Activo,1,2,Indefinido,Completa,27876
830,Máxima,Riera,M,1970-07-30,2023-01-28,Activo,2,4,Indefinido,Completa,23783
831,Delfina,Catalá,F,1981-04-30,2018-10-20,Activo,2,5,Indefinido,Completa,27699
832,Filomena,Cervantes,O,1988-05-31,2024-04-12,Activo,6,5,Temporal,Completa,25994
833,Trinidad,Ibáñez,F,1999-04-21,2023-06-06,Activo,1,5,Indefinido,Completa,19310
834,Donato,Ureña,F,1972-05-21,2020-11-09,Activo,4,4,Indefinido,Completa,31921
835,Buenaventura,Lerma,O,1993-11-26,2024-09-15,Activo,5,5,Indefinido,Completa,18922
836,Jose Ramón,Soler,F,1965-10-29,2022-09-27,Activo,6,4,Indefinido,Completa,20168
837,Graciela,Sierra,O,1994-07-08,2019-08-10,Activo,6,1,Indefinido,Completa,23956
838,Apolinar,Galindo,O,1966-05-07,2021-02-21,Activo,4,3,Indefinido,Completa,29159
839,Clotilde,Lamas,O,1992-07-31,2021-04-18,Activo,5,1,Indefinido,Completa,27048
840,Ciro,Téllez,M,1990-11-17,2022-07-07,Activo,4,4,Temporal,Completa,22055
841,Guadalupe,Villanueva,F,1992-08-29,2022-09-25,Activo,5,2,Indefinido,Completa,22106
842,Samuel,Alegre,F,1989-09-06,2021-08-11,Activo,3,5,Prácticas,Parcial,25146
843,Lisandro,Boix,M,1970-10-16,2024-06-23,Activo,1,4,Indefinido,Completa,30110
844,Mirta,Casals,F,1993-06-01,2020-08-13,Activo,2,3,Indefinido,Completa,23461
845,Ángela,Castells,M,1975-04-06,2021-07-24,Activo,8,4,Indefinido,Completa,18125
846,Fátima,Muro,M,1975-03-22,2020-08-28,Activo,5,1,Indefinido,Completa,22347
847,Eufemia,Gelabert,F,1985-07-22,2018-09-19,Activo,5,3,Indefinido,Completa,19977
848,Venceslás,Malo,O,1998-06-13,2019-11-09,Activo,5,2,Indefinido,Completa,26096
849,Ruth,Almazán,M,1997-07-14,2024-03-11,Activo,6,2,Temporal,Completa,21267
850,Celestino,Llorens,M,1973-02-12,2019-12-12,Activo,5,1,Temporal,Parcial,29007
851,Santiago,Tomás,M,2003-11-12,2024-06-07,Activo,7,4,Temporal,Completa,20236
852,Leire,Campo,O,1982-07-24,2021-11-21,Activo,2,3,Indefinido,Completa,18162
853,Sosimo,Grande,M,1994-09-24,2020-11-06,Activo,1,3,Indefinido,Parcial,19756
854,Modesto,Ugarte,M,1970-03-11,2025-04-17,Activo,1,3,Temporal,Completa,18528
855,Ricarda,Serra,F,1979-06-22,2021-05-24,Activo,4,5,Indefinido,Completa,25322
856,Albina,Martín,F,1997-02-20,2020-06-29,Activo,2,2,Indefinido,Completa,26957
857,Isidoro,Uriarte,O,1999-10-09,2022-03-03,Activo,5,2,Temporal,Parcial,28413
858,Zaida,Valverde,F,1987-11-09,2023-06-06,Activo,6,4,Indefinido,Completa,19620
859,Florentino,González,O,1971-03-02,2018-10-23,Activo,8,1,Indefinido,Completa,20529
860,Amparo,Dominguez,F,1977-09-30,2022-05-17,Activo,3,3,Indefinido,Completa,28084
861,Xiomara,Casanovas,M,1974-03-10,2025-04-30,Activo,6,1,Temporal,Completa,18467
862,Severiano,Madrid,O,2005-01-10,2023-08-29,Activo,7,5,Indefinido,Completa,23411
863,Azucena,Camps,M,1976-05-26,2023-03-12,Activo,2,4,Indefinido,Parcial,31071
864,Áurea,Alcántara,M,1973-09-22,2021-04-22,Activo,6,2,Temporal,Completa,24777
865,Modesto,Pujol,F,2001-07-13,2019-03-03,Activo,4,4,Indefinido,Completa,29425
866,Luis Ángel,Plaza,O,2001-01-26,2022-09-19,Activo,6,5,Indefinido,Completa,21111
867,Marisa,Llobet,O,1996-03-22,2020-10-04,Activo,1,3,Temporal,Parcial,24991
868,Corona,Royo,M,1994-01-03,2021-12-08,Activo,4,4,Temporal,Completa,24645
869,Teo,Prado,F,1978-05-23,2022-09-02,Activo,7,2,Indefinido,Completa,30659
870,Asdrubal,Olmedo,F,2004-10-17,2020-07-06,Activo,1,4,Indefinido,Completa,29602
871,Fabricio,González,F,1984-09-09,2020-07-26,Activo,7,2,Temporal,Completa,28589
872,Baldomero,Salgado,M,1971-11-22,2021-05-16,Activo,7,4,Indefinido,Completa,19467
873,Nélida,Muro,O,1970-05-12,2025-04-05,Activo,5,4,Temporal,Parcial,21545
874,Santiago,Baró,M,1975-03-22,2021-08-14,Activo,6,3,Indefinido,Parcial,29972
875,Pacífica,Porras,F,1994-02-09,2023-01-21,Activo,4,2,Indefinido,Completa,20425
876,Elodia,Alba,M,1968-12-10,2022-02-17,Activo,8,4,Indefinido,Parcial,30511
877,Isidora,Amaya,F,1984-10-12,2020-05-10,Activo,5,5,Indefinido,Completa,24634
878,Joaquín,Vega,O,2004-10-11,2019-04-27,Activo,4,4,Indefinido,Completa,31296
879,Víctor,Conesa,M,1993-01-13,2018-12-20,Activo,5,1,Temporal,Completa,27566
880,Concha,Ribas,M,1998-10-19,2024-05-07,Activo,3,1,Indefinido,Parcial,29526
881,Mateo,Barral,F,1981-08-18,2023-04-04,Activo,4,5,Indefinido,Completa,30131
882,Tristán,Gallego,F,1993-04-18,2024-10-01,Activo,1,5,Indefinido,Parcial,21484
883,Bautista,Vicente,M,1970-01-16,2022-08-22,Activo,4,2,Indefinido,Parcial,25501
884,Sarita,Ureña,F,1985-01-13,2025-04-15,Activo,2,4,Temporal,Completa,21877
885,Manuela,Pinto,O,2005-06-07,2018-10-10,Activo,4,4,Indefinido,Parcial,21437
886,Sigfrido,Melero,F,1989-02-10,2019-01-28,Activo,7,5,Temporal,Completa,30575
887,Jimena,Mulet,F,1998-11-09,2018-10-05,Activo,5,1,Indefinido,Parcial,31647
888,María Belén,Adán,M,1980-08-31,2019-07-17,Activo,3,3,Indefinido,Completa,24255
889,Etelvina,Figueroa,O,2002-01-20,2019-05-22,Activo,2,2,Indefinido,Completa,24840
890,Sandra,Daza,F,1972-12-02,2020-10-01,Activo,1,4,Indefinido,Completa,19055
891,Alcides,Palacios,M,1989-04-12,2025-03-16,Activo,6,2,Indefinido,Parcial,31285
892,Elba,Casal,O,1980-11-01,2022-06-10,Activo,4,3,Indefinido,Completa,23687
893,Leonardo,Gallego,O,1969-04-10,2023-06-03,Activo,4,1,Indefinido,Completa,27455
894,María Manuela,Santamaría,F,2000-05-25,2020-04-29,Activo,1,2,Indefinido,Completa,28802
895,Jordi,Vilanova,O,1980-02-04,2024-09-17,Activo,8,1,Prácticas,Completa,31345
896,Angelina,Castro,F,2000-09-14,2023-10-01,Activo,6,5,Indefinido,Completa,25066
897,Haydée,Jove,F,1984-01-23,2022-04-11,Activo,1,3,Indefinido,Completa,30793
898,Sabina,Diéguez,O,1980-07-10,2021-12-14,Activo,1,3,Indefinido,Completa,29431
899,Armida,Noguera,F,1967-08-20,2020-03-18,Activo,3,2,Indefinido,Completa,23822
900,Carlito,Peláez,F,1984-09-01,2021-03-20,Activo,5,2,Indefinido,Completa,24376
901,Luís,Conesa,O,1966-12-25,2020-11-29,Activo,5,4,Indefinido,Completa,19956
902,Cristóbal,Osuna,M,2005-06-27,2024-09-16,Activo,6,5,Indefinido,Completa,22151
903,Gustavo,Valencia,M,1992-11-11,2021-03-16,Activo,3,3,Indefinido,Parcial,22540
904,Roberto,Coloma,O,2003-05-22,2022-12-28,Activo,1,1,Prácticas,Completa,23071
905,Ani,Herrero,F,1969-07-07,2022-05-12,Activo,2,3,Prácticas,Parcial,28524
906,Miguel,Gimeno,M,2000-11-09,2024-10-04,Activo,7,2,Indefinido,Completa,28210
907,Celestino,Pedraza,M,2001-04-02,2020-08-16,Activo,4,5,Indefinido,Completa,26399
908,Ainoa,Blanco,F,1996-07-18,2024-07-10,Activo,8,1,Indefinido,Completa,27400
909,Narciso,Gomis,F,1975-06-12,2024-09-25,Activo,7,1,Indefinido,Completa,29257
910,Rosalina,Fábregas,M,1985-04-06,2023-05-02,Activo,7,2,Indefinido,Completa,29092
911,Jose Angel,Garzón,M,1980-06-20,2024-07-05,Activo,4,1,Indefinido,Parcial,21256
912,Eugenio,Iriarte,O,1969-12-04,2023-05-06,Activo,2,1,Indefinido,Completa,27865
913,Chucho,Lloret,M,2001-02-17,2022-08-11,Activo,8,2,Indefinido,Completa,27432
914,Ileana,Parejo,O,1994-07-14,2019-10-21,Activo,6,4,Temporal,Completa,23734
915,Ariadna,Cerro,F,1987-07-14,2019-03-04,Activo,5,2,Indefinido,Completa,22621
916,Juan José,Cámara,O,1994-05-21,2018-08-18,Activo,6,4,Indefinido,Completa,23556
917,Bienvenida,Salamanca,F,2003-11-01,2020-02-23,Activo,7,4,Temporal,Parcial,25081
918,Fabio,Bermudez,O,1971-01-03,2024-09-03,Activo,4,5,Indefinido,Parcial,21433
919,Fanny,Alarcón,F,1998-07-29,2022-09-11,Activo,2,5,Indefinido,Completa,31620
920,Jeremías,Quesada,M,1968-09-12,2022-08-03,Activo,2,5,Indefinido,Completa,26245
921,Olalla,Lasa,F,1980-02-24,2020-03-25,Activo,5,3,Temporal,Parcial,28859
922,Zoraida,Viña,O,2001-04-14,2019-10-17,Activo,1,4,Temporal,Completa,25600
923,Marta,Durán,M,1981-06-04,2022-06-03,Activo,4,3,Indefinido,Completa,28807
924,Macario,Morán,F,1997-08-07,2022-03-10,Activo,2,1,Indefinido,Parcial,19498
925,Reinaldo,Villena,M,1992-08-20,2020-12-07,Activo,7,4,Indefinido,Completa,18318
926,Edelmira,Múgica,O,1985-04-30,2024-08-23,Activo,5,4,Indefinido,Parcial,28395
927,Lucho,Bermejo,M,1976-10-26,2022-03-23,Activo,8,2,Indefinido,Completa,26516
928,Amparo,Suárez,M,1998-07-17,2019-01-24,Activo,3,5,Indefinido,Completa,18032
929,Josefa,Abril,O,1982-05-20,2024-01-17,Activo,4,1,Indefinido,Parcial,24878
930,Ana Belén,Ramírez,O,1975-06-26,2021-07-16,Activo,6,5,Temporal,Completa,29144
931,Nazaret,Ramos,F,1983-12-12,2020-12-20,Activo,5,2,Indefinido,Completa,26589
932,Marita,Avilés,F,1995-07-20,2019-02-06,Activo,5,1,Indefinido,Completa,25414
933,Carolina,Fernández,M,1981-01-11,2020-08-15,Activo,5,1,Indefinido,Parcial,28849
934,Marisela,Rivas,M,1999-10-24,2025-02-18,Activo,4,1,Prácticas,Completa,26849
935,Esmeralda,Vilanova,M,1969-08-05,2021-06-29,Activo,6,5,Indefinido,Completa,28688
936,Renata,Salinas,F,1987-06-17,2024-12-25,Activo,4,3,Temporal,Completa,22205
937,Quique,Vila,F,1996-02-17,2019-04-28,Activo,6,3,Indefinido,Parcial,22644
938,Atilio,Pazos,O,1974-11-08,2020-05-18,Activo,6,4,Temporal,Parcial,28957
939,Patricia,Busquets,F,1985-01-17,2025-04-02,Activo,2,2,Indefinido,Completa,26227
940,Humberto,Capdevila,M,1972-11-14,2024-03-28,Activo,7,3,Indefinido,Completa,19334
941,Cintia,Higueras,O,1993-09-17,2023-05-25,Activo,7,5,Indefinido,Parcial,27893
942,Miguel,Avilés,O,1970-04-30,2021-06-17,Activo,3,4,Indefinido,Parcial,29667
943,Efraín,Pujol,F,1995-09-25,2025-02-16,Activo,3,3,Indefinido,Completa,28242
944,Alma,Amores,F,1980-10-28,2020-01-12,Activo,7,4,Indefinido,Completa,27736
945,Haroldo,Salamanca,F,1971-05-02,2024-12-25,Activo,4,2,Indefinido,Completa,26923
946,Eliseo,Pi,M,1990-12-21,2021-01-04,Activo,4,5,Indefinido,Completa,20324
947,Florina,Amat,F,1993-01-03,2021-08-01,Activo,3,2,Temporal,Completa,27885
948,Sosimo,Alberdi,O,1980-12-04,2020-07-08,Activo,5,5,Indefinido,Completa,30284
949,Noemí,Llobet,M,1968-12-22,2023-04-02,Activo,5,2,Indefinido,Parcial,26986
950,Jorge,Roura,O,1981-05-18,2022-08-03,Activo,6,3,Indefinido,Parcial,18896
951,Fidel,Olivé,F,1970-09-04,2018-09-14,Activo,1,4,Temporal,Completa,26390
952,Rómulo,Alberola,O,1993-09-11,2021-07-09,Activo,6,2,Indefinido,Completa,20736
953,Leopoldo,Suarez,F,2002-07-05,2019-07-27,Activo,8,2,Temporal,Completa,21755
954,Eufemia,Bernad,M,1995-11-25,2022-06-29,Activo,2,1,Temporal,Completa,27105
955,Cruz,Martin,O,1984-08-24,2023-04-14,Activo,1,5,Indefinido,Completa,23486
956,Esteban,Rojas,O,1966-10-26,2020-04-30,Activo,7,5,Temporal,Parcial,25300
957,Lucía,Arjona,O,1984-08-19,2021-07-28,Activo,5,3,Indefinido,Completa,30604
958,Cirino,Caballero,O,1987-04-29,2023-10-25,Activo,5,3,Indefinido,Completa,30385
959,León,Garcés,M,1986-10-23,2021-07-07,Activo,7,3,Indefinido,Completa,25261
960,Concepción,Recio,O,1986-12-29,2025-02-06,Activo,2,1,Indefinido,Completa,21182
961,Porfirio,Llobet,O,1991-03-14,2021-08-14,Activo,2,5,Indefinido,Parcial,21379
962,Clementina,Iriarte,M,1967-02-28,2021-06-27,Activo,1,5,Indefinido,Completa,24690
963,Caridad,Correa,O,1973-05-30,2022-05-04,Activo,7,1,Temporal,Completa,24889
964,Marisela,Aroca,O,1992-10-20,2023-04-12,Activo,4,3,Temporal,Completa,22958
965,Pascuala,Izaguirre,O,1972-03-17,2019-02-08,Activo,5,3,Indefinido,Completa,24749
966,Ovidio,Pallarès,F,1984-05-24,2022-08-22,Activo,5,2,Indefinido,Completa,23667
967,Alejandro,Santiago,O,1986-07-29,2024-12-28,Activo,1,5,Temporal,Completa,19944
968,Custodia,Valcárcel,M,1987-05-30,2024-05-03,Activo,4,3,Indefinido,Completa,28656
969,Tadeo,Otero,O,1994-01-16,2021-05-26,Activo,5,3,Indefinido,Completa,21474
970,Cristian,Farré,O,1994-05-20,2022-10-31,Activo,6,4,Temporal,Completa,25081
971,Isidro,Vargas,O,1994-05-01,2021-05-08,Activo,2,2,Indefinido,Parcial,18825
972,Manola,Colomer,O,1988-01-12,2023-08-25,Activo,3,1,Indefinido,Completa,20550
973,Viviana,Tamayo,M,1987-09-24,2023-06-18,Activo,1,3,Indefinido,Completa,24113
974,Carmelo,Guzman,F,2005-07-20,2019-06-03,Activo,1,3,Temporal,Parcial,25581
975,José,Olivares,O,2002-08-09,2022-05-22,Activo,8,2,Indefinido,Parcial,31987
976,Ramiro,Mata,F,1981-09-05,2021-10-19,Activo,4,2,Indefinido,Completa,27110
977,Concha,Cobos,M,1993-04-06,2021-01-18,Activo,3,5,Temporal,Parcial,20187
978,Amílcar,Gargallo,F,1980-09-24,2022-08-29,Activo,3,1,Temporal,Completa,23607
979,Florinda,Zamorano,F,2004-01-29,2023-09-16,Activo,2,1,Indefinido,Completa,23304
980,Jacobo,Sáez,O,1984-01-24,2020-10-25,Activo,7,2,Indefinido,Completa,29490
981,Luisa,Gálvez,O,1973-01-26,2022-07-02,Activo,1,2,Indefinido,Completa,21859
982,Teresa,Salazar,M,1997-09-04,2020-08-16,Activo,4,3,Indefinido,Completa,19368
983,Natanael,Francisco,O,1999-03-08,2020-10-29,Activo,8,4,Temporal,Completa,23201
984,Poncio,Cazorla,O,1988-11-04,2023-03-04,Activo,2,3,Indefinido,Completa,26705
985,Danilo,García,F,2000-11-28,2024-06-15,Activo,3,2,Indefinido,Completa,30982
986,Maxi,Giménez,M,1971-04-26,2024-03-01,Activo,7,2,Indefinido,Completa,23764
987,Aitor,Amorós,O,1971-02-07,2022-11-18,Activo,4,3,Temporal,Completa,30723
988,Azahara,Mesa,F,1982-01-20,2020-07-19,Activo,6,2,Indefinido,Completa,18283
989,Eustaquio,Larrañaga,F,1991-01-11,2020-01-14,Activo,5,5,Temporal,Completa,25875
990,Juan Pablo,Prat,F,1967-09-02,2018-10-16,Activo,4,4,Temporal,Completa,29361
991,Fortunata,Vizcaíno,O,1995-02-23,2024-05-11,Activo,8,2,Temporal,Completa,19612
992,Efraín,Garrido,M,1997-04-05,2022-02-06,Activo,2,5,Indefinido,Completa,22359
993,Ágata,Varela,O,1981-10-09,2020-12-01,Activo,5,2,Indefinido,Completa,26926
994,Julieta,Calderon,O,1978-02-12,2023-10-26,Activo,4,4,Indefinido,Parcial,31529
995,Vito,Arana,M,1985-12-21,2025-02-09,Activo,2,2,Indefinido,Completa,23661
996,Cándida,Fuertes,F,1979-10-29,2018-11-27,Activo,2,2,Indefinido,Parcial,24029
997,Bautista,Zamorano,O,1979-04-02,2023-01-01,Activo,3,5,Temporal,Completa,29274
998,María Belén,Girón,O,1995-12-07,2019-02-07,Activo,1,2,Indefinido,Completa,18096
999,Alberto,Bermudez,M,1984-03-30,2024-12-13,Activo,2,5,Prácticas,Completa,22771
1000,Modesta,Valcárcel,F,1990-01-09,2020-07-15,Activo,4,3,Indefinido,Completa,20462
